antiguedad_meses,gasto_mensual,visitas_ultimo_mes,dias_desde_ultima_visita,tickets_soporte,plan,metodo_pago,descuento_activo,cancelo
16,17.93,9,20,0,estandar,tarjeta,0,0
10,11.5,4,2,0,basico,tarjeta,0,0
6,48.49,1,18,0,premium,tarjeta,1,0
12,26.11,0,6,2,estandar,tarjeta,0,0
34,13.88,6,45,0,basico,tarjeta,0,1
11,41.99,4,38,1,premium,tarjeta,0,1
12,26.02,6,5,0,estandar,transferencia,0,0
26,24.61,9,7,0,estandar,efectivo,0,0
16,11.19,9,0,1,basico,transferencia,0,0
22,22.28,7,11,2,estandar,efectivo,0,1
17,15.66,8,1,1,basico,transferencia,0,0
16,46.38,3,10,0,premium,transferencia,1,0
3,25.98,8,15,0,estandar,tarjeta,1,0
5,53.2,9,86,0,premium,transferencia,0,1
14,13.9,9,7,2,basico,tarjeta,0,0
6,16.8,10,2,1,basico,tarjeta,0,0
12,26.09,2,31,0,estandar,tarjeta,0,0
5,10.59,0,6,0,basico,transferencia,0,1
27,40.76,14,21,1,premium,transferencia,0,0
7,25.97,6,14,2,estandar,efectivo,0,1
6,14.35,7,29,1,estandar,efectivo,0,1
4,13.09,9,15,0,basico,efectivo,1,1
20,46.26,3,23,0,premium,tarjeta,0,0
12,44.13,5,58,2,premium,efectivo,0,0
26,24.63,7,6,0,estandar,transferencia,0,0
8,7.0,5,11,0,basico,efectivo,0,0
5,30.54,5,34,2,estandar,tarjeta,0,0
12,10.65,4,1,0,basico,tarjeta,0,0
29,8.11,11,30,1,basico,efectivo,0,1
3,27.18,6,18,2,estandar,tarjeta,1,0
15,25.44,9,4,0,estandar,tarjeta,0,0
16,43.57,14,9,1,premium,tarjeta,0,0
33,10.14,9,61,0,basico,tarjeta,0,0
6,11.98,8,44,0,basico,tarjeta,0,0
3,30.38,8,17,0,estandar,efectivo,0,1
9,13.88,5,8,0,basico,efectivo,0,1
22,11.86,2,49,0,basico,efectivo,0,1
13,28.41,3,14,0,estandar,tarjeta,0,0
18,12.11,6,24,0,basico,tarjeta,0,0
5,26.61,0,17,0,estandar,tarjeta,0,0
10,12.6,8,56,0,basico,tarjeta,0,1
13,47.36,6,11,0,premium,tarjeta,0,0
3,23.22,3,8,1,estandar,transferencia,0,0
13,7.44,11,19,1,basico,efectivo,0,1
10,48.63,3,25,0,premium,tarjeta,0,0
60,51.02,2,0,0,premium,tarjeta,0,0
12,7.63,15,6,0,basico,tarjeta,0,0
34,12.72,14,0,0,basico,tarjeta,0,0
18,23.2,3,2,0,estandar,tarjeta,0,0
11,15.53,9,16,2,basico,tarjeta,1,1
31,12.99,4,90,1,basico,tarjeta,0,1
5,25.31,0,34,1,basico,tarjeta,1,1
9,23.79,10,18,1,estandar,transferencia,0,0
23,31.15,17,23,0,estandar,tarjeta,0,0
1,31.54,6,3,1,estandar,tarjeta,0,0
12,27.13,2,90,0,estandar,tarjeta,0,1
12,25.15,9,24,0,estandar,tarjeta,0,0
15,25.38,5,15,1,estandar,tarjeta,0,1
11,12.04,8,32,0,basico,transferencia,0,0
22,16.53,8,35,1,basico,efectivo,0,1
7,21.51,1,4,3,estandar,transferencia,0,1
24,24.36,4,44,3,estandar,tarjeta,1,1
5,23.87,2,18,1,estandar,tarjeta,1,1
16,18.1,9,3,1,estandar,tarjeta,1,0
28,28.44,7,2,0,estandar,tarjeta,0,0
6,29.25,6,6,0,estandar,efectivo,0,0
8,22.46,5,11,4,estandar,tarjeta,0,0
25,16.12,5,6,1,basico,tarjeta,0,0
14,5.67,7,4,0,basico,tarjeta,0,0
3,12.1,5,4,0,basico,tarjeta,1,0
15,11.49,10,55,0,basico,efectivo,0,1
20,12.35,1,61,0,basico,tarjeta,0,1
26,45.33,5,35,0,premium,tarjeta,0,0
16,11.69,7,10,0,basico,tarjeta,1,1
18,10.45,9,63,0,basico,transferencia,1,1
36,11.57,11,24,0,basico,tarjeta,1,0
23,17.45,4,46,1,basico,transferencia,1,1
10,22.69,16,21,0,estandar,tarjeta,0,0
11,34.02,0,6,0,estandar,tarjeta,0,0
27,22.46,0,90,2,estandar,efectivo,0,1
15,25.96,4,4,1,estandar,tarjeta,0,0
14,14.28,4,79,0,basico,tarjeta,1,1
10,43.83,4,23,1,premium,tarjeta,0,1
27,17.53,2,7,1,basico,tarjeta,0,0
7,14.18,4,12,1,basico,tarjeta,0,0
9,11.18,3,6,1,basico,transferencia,0,0
27,30.49,8,23,0,estandar,tarjeta,0,0
27,20.94,9,27,0,estandar,tarjeta,0,0
50,9.74,4,16,0,basico,tarjeta,1,0
12,27.25,3,25,1,estandar,transferencia,0,1
10,15.21,3,8,0,basico,tarjeta,0,0
11,26.29,12,13,0,estandar,tarjeta,0,1
3,11.49,11,1,0,basico,transferencia,0,0
2,10.99,6,9,0,basico,transferencia,0,0
16,16.53,5,14,1,basico,efectivo,0,0
10,25.96,9,35,0,estandar,tarjeta,0,0
7,8.51,10,8,0,basico,tarjeta,1,0
14,8.28,8,26,0,basico,tarjeta,0,0
16,18.05,7,9,0,basico,transferencia,0,0
12,42.12,11,25,1,premium,tarjeta,0,0
12,46.09,0,7,0,premium,tarjeta,0,0
9,30.4,9,2,1,estandar,tarjeta,1,0
21,14.17,7,11,1,basico,transferencia,0,0
8,41.97,5,6,0,premium,transferencia,0,0
6,20.94,0,27,1,estandar,tarjeta,0,1
9,32.48,0,18,0,estandar,efectivo,1,1
15,7.84,10,6,0,basico,efectivo,0,0
22,9.79,6,42,2,basico,tarjeta,1,1
41,13.49,18,14,0,basico,tarjeta,0,0
14,44.12,6,1,0,premium,transferencia,0,0
34,27.3,5,26,1,estandar,tarjeta,0,0
8,6.13,1,64,0,basico,tarjeta,0,1
7,11.16,7,12,1,basico,tarjeta,0,0
17,27.71,16,2,0,estandar,efectivo,1,0
19,14.72,11,24,2,basico,tarjeta,0,0
15,42.71,2,15,0,premium,transferencia,0,0
60,20.91,10,74,1,estandar,tarjeta,0,1
8,25.85,9,20,0,estandar,tarjeta,0,0
30,6.75,12,11,1,basico,efectivo,0,0
7,30.14,4,28,0,estandar,tarjeta,0,0
20,25.63,5,18,0,estandar,tarjeta,0,0
13,22.21,12,39,0,estandar,tarjeta,1,1
15,7.78,10,2,0,basico,transferencia,0,0
18,9.47,7,20,3,basico,tarjeta,0,0
14,5.75,0,7,0,basico,tarjeta,1,0
12,26.98,7,8,1,estandar,tarjeta,0,0
2,8.79,7,6,0,basico,tarjeta,0,0
24,13.6,5,29,1,basico,tarjeta,0,0
4,14.15,1,20,0,basico,tarjeta,0,0
10,28.86,3,12,0,estandar,tarjeta,0,0
16,13.01,7,3,0,basico,tarjeta,1,0
5,49.5,13,18,0,premium,transferencia,0,0
12,30.54,1,13,1,estandar,transferencia,1,1
22,13.03,0,6,1,basico,tarjeta,0,0
9,26.27,10,20,3,estandar,tarjeta,1,1
12,9.77,5,38,1,basico,tarjeta,0,1
6,41.05,6,2,0,premium,efectivo,0,0
10,30.13,4,8,1,estandar,tarjeta,1,0
4,27.42,4,59,2,estandar,tarjeta,0,1
15,14.75,5,48,0,basico,tarjeta,0,1
4,22.64,3,6,0,estandar,tarjeta,0,0
8,31.5,1,63,1,estandar,tarjeta,0,1
13,44.09,6,8,1,premium,tarjeta,0,0
11,21.79,15,7,0,estandar,transferencia,0,0
17,22.71,5,75,2,estandar,transferencia,1,1
12,18.28,11,12,0,basico,transferencia,0,0
2,7.56,8,1,2,basico,transferencia,0,1
5,22.0,5,6,1,estandar,tarjeta,0,0
13,23.59,6,3,1,basico,efectivo,0,1
26,15.76,15,3,0,basico,transferencia,1,0
23,42.07,8,0,0,premium,transferencia,0,0
60,40.67,5,10,2,premium,transferencia,0,0
9,5.31,3,23,2,basico,tarjeta,1,1
22,25.39,10,18,1,estandar,tarjeta,1,0
21,14.91,1,45,1,basico,tarjeta,0,1
35,31.08,10,90,0,estandar,tarjeta,0,1
29,5.0,10,18,0,basico,tarjeta,0,0
16,19.7,3,42,1,estandar,tarjeta,1,0
19,24.52,6,4,2,estandar,tarjeta,0,0
17,36.15,8,24,1,estandar,efectivo,1,0
13,15.54,2,10,1,basico,transferencia,0,1
18,46.49,9,26,0,premium,tarjeta,0,0
15,7.1,3,28,0,basico,tarjeta,1,1
14,5.0,3,3,1,basico,tarjeta,0,0
36,25.16,4,12,0,estandar,efectivo,1,0
16,11.6,13,5,0,basico,transferencia,0,0
14,43.93,12,4,0,premium,transferencia,0,0
11,43.48,10,3,0,premium,tarjeta,0,0
11,9.01,10,8,0,basico,tarjeta,1,0
5,41.09,2,21,0,premium,transferencia,0,1
13,17.56,14,30,0,basico,efectivo,0,1
27,21.45,2,12,1,estandar,tarjeta,0,0
8,10.9,0,17,0,basico,tarjeta,1,1
46,44.84,9,31,0,premium,tarjeta,0,0
1,14.83,5,10,1,basico,tarjeta,1,0
18,8.59,0,69,1,basico,efectivo,0,1
15,15.91,5,6,0,basico,transferencia,0,0
36,42.68,9,19,0,premium,tarjeta,0,0
8,44.35,11,7,0,premium,tarjeta,0,0
4,31.57,3,38,1,estandar,tarjeta,1,1
11,41.12,0,21,0,premium,tarjeta,0,0
10,47.88,3,6,3,premium,tarjeta,0,1
3,29.02,5,15,1,estandar,transferencia,0,0
14,13.24,18,6,0,basico,transferencia,1,0
9,24.53,12,24,0,estandar,tarjeta,0,0
31,33.5,3,3,1,estandar,transferencia,0,0
14,11.94,9,34,0,basico,transferencia,1,1
7,12.82,3,37,1,basico,tarjeta,0,1
13,23.65,14,3,0,estandar,transferencia,1,0
15,12.6,8,12,1,basico,transferencia,0,0
19,48.86,11,22,0,premium,transferencia,1,0
13,10.9,12,30,1,basico,tarjeta,0,1
45,5.0,10,1,0,basico,tarjeta,0,0
5,47.05,3,2,0,premium,tarjeta,0,0
9,7.69,7,81,0,basico,tarjeta,0,1
7,14.97,10,45,0,basico,tarjeta,0,0
10,24.99,9,20,0,estandar,transferencia,0,1
16,48.77,4,43,1,premium,tarjeta,1,0
15,8.21,17,28,0,basico,tarjeta,0,0
19,9.86,4,2,1,basico,efectivo,0,1
14,23.64,1,7,0,estandar,tarjeta,1,0
14,39.07,13,30,0,premium,tarjeta,0,0
14,29.45,5,40,0,estandar,tarjeta,0,1
9,5.5,11,1,0,basico,tarjeta,0,0
9,16.39,8,2,1,basico,tarjeta,1,0
7,13.7,2,35,1,basico,transferencia,0,0
19,11.2,6,21,0,basico,tarjeta,0,0
2,26.38,5,1,0,estandar,tarjeta,0,0
14,13.27,7,31,0,basico,tarjeta,1,0
22,23.4,7,25,0,estandar,transferencia,0,0
26,26.19,9,19,0,estandar,tarjeta,0,0
1,27.92,7,19,0,estandar,transferencia,0,1
10,8.22,7,14,0,basico,tarjeta,0,0
7,46.38,9,9,0,premium,tarjeta,1,0
9,14.49,9,9,0,estandar,tarjeta,0,0
29,17.28,16,55,0,estandar,tarjeta,1,1
7,14.26,2,47,1,basico,tarjeta,1,1
22,10.33,11,13,0,basico,transferencia,0,0
14,41.59,12,25,1,premium,tarjeta,0,0
9,11.79,2,38,0,basico,tarjeta,1,1
8,10.42,4,9,0,basico,tarjeta,1,0
15,21.05,3,6,2,estandar,tarjeta,0,0
12,18.44,9,10,1,estandar,tarjeta,1,0
3,37.13,7,3,0,premium,tarjeta,0,0
6,14.96,3,6,0,basico,tarjeta,0,0
16,43.31,9,18,1,premium,tarjeta,0,0
5,15.88,6,10,2,basico,tarjeta,0,0
24,23.27,5,35,0,estandar,tarjeta,0,0
3,26.42,5,5,1,estandar,tarjeta,1,0
11,11.5,7,19,0,basico,tarjeta,1,0
20,12.18,1,1,0,basico,efectivo,0,0
6,12.37,16,7,1,basico,tarjeta,0,0
4,43.22,3,1,1,premium,transferencia,0,0
18,20.08,0,36,1,estandar,tarjeta,1,1
22,48.06,1,80,0,premium,tarjeta,0,1
11,51.37,8,7,0,premium,tarjeta,0,0
9,31.64,6,3,0,estandar,tarjeta,0,0
3,22.79,3,3,3,estandar,transferencia,0,1
13,9.07,18,26,0,basico,transferencia,0,0
2,9.78,13,36,0,basico,tarjeta,1,0
30,44.3,8,18,2,premium,transferencia,0,0
11,24.79,7,34,0,estandar,tarjeta,1,1
6,8.01,7,7,2,basico,tarjeta,1,1
8,19.08,2,2,2,estandar,transferencia,1,0
14,25.2,14,30,0,estandar,tarjeta,0,1
9,30.88,7,22,0,premium,tarjeta,0,0
13,24.6,2,8,0,estandar,efectivo,0,1
5,8.22,5,39,0,basico,efectivo,0,1
26,15.12,13,1,0,basico,transferencia,1,0
8,16.19,9,2,0,basico,tarjeta,0,0
2,29.28,9,4,0,estandar,transferencia,0,0
10,43.61,9,11,0,premium,tarjeta,0,0
7,20.46,3,1,0,estandar,tarjeta,0,0
25,8.74,5,18,0,basico,tarjeta,0,1
6,13.15,3,90,0,basico,efectivo,0,1
9,18.42,9,7,2,estandar,efectivo,1,1
15,50.57,3,24,1,premium,transferencia,0,0
19,10.68,5,11,0,basico,tarjeta,0,0
31,14.0,15,0,0,basico,tarjeta,0,0
6,17.87,7,43,0,estandar,tarjeta,1,0
29,8.3,7,22,1,basico,efectivo,0,1
24,37.38,0,40,2,premium,tarjeta,0,1
7,16.08,2,22,0,basico,tarjeta,0,0
6,11.36,14,11,0,basico,transferencia,0,0
17,47.29,12,50,0,premium,tarjeta,0,0
12,12.25,5,15,0,basico,transferencia,0,0
17,13.87,3,26,2,basico,tarjeta,1,1
10,10.65,15,6,0,basico,transferencia,0,0
13,11.19,8,31,1,basico,tarjeta,0,1
12,11.63,10,6,0,basico,tarjeta,0,0
17,13.62,0,28,2,basico,tarjeta,0,0
6,13.73,6,3,0,basico,tarjeta,0,0
14,23.25,15,2,0,basico,tarjeta,0,0
31,31.73,8,43,0,estandar,tarjeta,0,0
29,17.88,13,4,1,estandar,tarjeta,1,0
15,11.43,10,22,0,basico,transferencia,0,0
6,10.38,8,33,0,basico,tarjeta,0,0
40,30.12,16,2,0,estandar,transferencia,0,0
17,43.74,4,1,1,premium,transferencia,0,0
38,46.86,6,36,1,premium,tarjeta,0,0
17,5.0,4,33,0,basico,transferencia,0,0
1,5.95,4,4,0,basico,tarjeta,0,0
40,20.37,0,42,1,basico,tarjeta,0,1
22,12.2,17,13,0,basico,tarjeta,0,0
13,21.01,4,21,1,estandar,transferencia,0,0
3,12.97,7,11,0,basico,tarjeta,0,0
24,7.79,1,35,2,basico,tarjeta,0,1
17,10.87,7,13,0,basico,efectivo,0,0
47,19.19,8,21,0,estandar,tarjeta,0,0
35,8.85,12,6,0,basico,efectivo,0,0
37,43.33,7,21,0,premium,transferencia,1,0
15,16.48,9,1,0,basico,efectivo,0,0
14,46.86,9,27,0,premium,efectivo,0,1
17,14.55,11,2,0,basico,efectivo,0,0
8,44.9,8,9,2,premium,tarjeta,1,0
13,48.29,15,3,1,premium,transferencia,0,0
11,41.51,9,34,0,premium,transferencia,0,0
28,42.07,3,11,0,premium,transferencia,0,0
32,26.63,12,10,0,estandar,tarjeta,0,0
20,23.88,6,5,1,estandar,efectivo,0,1
7,24.94,4,1,0,estandar,tarjeta,0,0
42,11.34,7,47,2,basico,tarjeta,1,1
24,30.01,13,25,0,estandar,tarjeta,0,0
16,30.22,12,9,0,estandar,tarjeta,0,0
19,42.5,5,40,1,premium,transferencia,1,1
4,17.96,6,5,0,estandar,tarjeta,0,0
11,9.15,3,53,2,basico,transferencia,0,1
30,21.41,19,0,1,estandar,transferencia,1,0
4,15.33,7,24,0,basico,tarjeta,0,0
4,15.68,4,21,0,basico,transferencia,0,0
24,20.88,17,12,0,estandar,tarjeta,0,0
18,8.98,8,18,2,basico,transferencia,0,0
4,6.08,3,54,1,basico,efectivo,0,1
11,12.54,8,20,4,basico,tarjeta,0,0
16,11.82,9,20,0,basico,transferencia,0,0
15,15.16,6,14,0,basico,tarjeta,0,0
17,13.99,6,84,0,basico,tarjeta,0,1
10,27.44,10,10,1,estandar,transferencia,0,0
15,5.83,9,26,1,basico,tarjeta,0,0
20,42.49,7,18,2,premium,transferencia,1,0
19,48.8,4,16,0,premium,tarjeta,0,0
10,22.85,5,5,0,estandar,tarjeta,0,0
22,5.49,7,33,0,basico,efectivo,0,0
6,28.23,6,2,0,estandar,tarjeta,0,0
8,42.69,5,13,0,premium,tarjeta,0,0
24,29.25,2,3,1,estandar,tarjeta,0,0
21,44.93,9,32,0,premium,transferencia,0,0
11,23.89,5,85,1,estandar,tarjeta,0,1
8,30.45,9,10,1,estandar,tarjeta,0,0
9,6.79,6,19,1,basico,tarjeta,0,1
20,30.74,4,24,0,estandar,tarjeta,0,0
17,9.44,1,6,0,basico,efectivo,0,0
7,25.65,5,30,0,estandar,tarjeta,0,1
21,45.69,4,26,0,premium,tarjeta,0,0
11,10.29,7,62,0,basico,transferencia,0,1
6,21.95,6,29,0,estandar,tarjeta,0,1
9,10.52,5,36,1,basico,tarjeta,0,1
14,20.94,7,8,1,estandar,tarjeta,1,0
21,19.85,7,6,1,basico,tarjeta,0,0
20,43.08,7,90,1,premium,transferencia,0,1
12,16.64,2,37,0,basico,efectivo,0,0
15,49.11,5,25,0,premium,efectivo,0,0
11,46.45,8,23,2,premium,efectivo,0,0
7,24.46,9,11,0,estandar,tarjeta,0,0
12,25.78,5,15,2,estandar,tarjeta,0,0
3,27.29,7,3,0,estandar,transferencia,0,0
32,45.4,7,6,1,premium,efectivo,0,0
15,5.73,15,4,0,basico,transferencia,1,0
18,17.73,14,31,1,estandar,tarjeta,0,0
8,18.04,0,21,0,basico,transferencia,1,0
15,14.46,11,31,0,estandar,transferencia,0,1
17,12.78,4,2,0,basico,efectivo,0,1
11,24.06,5,90,1,estandar,transferencia,1,1
11,25.64,3,58,0,estandar,tarjeta,0,0
4,20.44,10,0,0,estandar,tarjeta,0,0
39,26.4,9,33,0,estandar,tarjeta,0,0
8,25.82,7,23,1,estandar,tarjeta,1,0
8,36.04,4,13,1,estandar,efectivo,0,1
34,25.52,20,9,1,estandar,tarjeta,1,0
18,30.39,1,4,1,estandar,tarjeta,1,0
21,39.01,14,2,2,premium,tarjeta,0,0
4,16.08,7,40,0,basico,transferencia,0,1
15,12.91,1,14,1,basico,tarjeta,0,0
4,13.08,0,12,1,basico,tarjeta,0,1
7,26.13,14,19,0,estandar,efectivo,0,1
43,18.83,6,2,0,basico,tarjeta,0,0
6,26.02,6,44,1,estandar,tarjeta,0,1
20,21.86,9,4,0,estandar,tarjeta,0,0
6,9.54,2,37,2,basico,tarjeta,0,1
7,48.27,7,5,1,premium,transferencia,0,0
59,26.79,9,1,2,estandar,efectivo,0,0
12,5.88,0,90,0,basico,tarjeta,1,1
4,14.06,2,38,2,basico,efectivo,1,1
21,7.67,6,65,2,basico,transferencia,0,1
28,13.75,11,24,0,basico,tarjeta,0,0
22,8.78,3,48,0,basico,tarjeta,0,1
11,43.87,9,1,2,premium,tarjeta,0,0
12,9.82,11,19,1,basico,efectivo,1,0
9,18.08,8,16,0,basico,tarjeta,1,0
5,26.61,5,45,1,estandar,tarjeta,0,1
16,30.04,7,6,0,estandar,transferencia,0,0
11,56.58,10,2,0,premium,efectivo,0,0
4,25.19,13,3,2,estandar,transferencia,0,0
12,31.01,7,1,1,estandar,transferencia,0,0
8,9.2,8,20,1,basico,tarjeta,1,1
16,50.02,9,45,1,premium,efectivo,1,1
15,21.77,8,5,0,estandar,tarjeta,0,0
10,44.93,1,15,1,premium,tarjeta,0,0
13,14.15,4,5,0,basico,efectivo,0,0
14,47.78,0,3,3,premium,tarjeta,0,0
24,19.91,9,6,3,estandar,tarjeta,1,0
13,8.53,7,19,0,basico,transferencia,1,1
9,27.45,7,5,1,estandar,tarjeta,0,0
11,23.53,12,20,1,estandar,tarjeta,0,0
37,6.41,13,0,0,basico,transferencia,1,0
6,24.72,3,0,0,estandar,transferencia,1,0
11,44.52,3,17,0,premium,transferencia,0,0
11,12.71,8,10,0,basico,tarjeta,1,0
11,27.12,2,16,0,estandar,tarjeta,1,0
3,13.86,9,15,0,basico,transferencia,0,0
5,8.93,3,15,1,basico,tarjeta,0,1
11,43.36,10,6,0,premium,tarjeta,0,0
9,28.71,13,25,0,estandar,tarjeta,0,0
16,9.83,10,23,0,basico,tarjeta,0,0
26,43.42,5,1,2,premium,tarjeta,1,0
17,38.98,4,22,0,premium,transferencia,0,0
14,11.89,0,36,0,basico,efectivo,0,1
18,46.38,12,51,0,premium,tarjeta,0,0
15,5.0,9,7,0,basico,transferencia,0,0
13,40.72,4,69,0,premium,tarjeta,1,1
23,19.31,9,10,0,estandar,tarjeta,0,0
10,28.15,3,8,0,estandar,transferencia,1,1
5,5.0,7,22,0,basico,tarjeta,1,0
8,44.69,13,8,1,premium,efectivo,1,0
8,14.87,9,20,3,basico,tarjeta,0,0
44,12.75,5,0,0,basico,tarjeta,0,0
27,10.24,8,15,3,basico,tarjeta,0,1
14,26.39,11,9,0,estandar,tarjeta,0,0
8,16.15,9,55,1,basico,efectivo,0,1
23,44.57,9,6,0,premium,transferencia,0,0
14,16.04,8,3,0,estandar,tarjeta,0,0
10,16.59,0,84,1,basico,tarjeta,1,1
14,13.6,10,25,0,basico,transferencia,0,0
11,11.87,14,16,0,basico,transferencia,0,0
17,17.08,3,40,1,estandar,tarjeta,0,1
5,43.81,2,27,1,premium,tarjeta,0,0
17,8.5,3,1,0,basico,tarjeta,0,0
11,40.13,7,4,2,premium,tarjeta,0,0
23,11.45,4,15,2,basico,tarjeta,0,0
27,42.86,12,26,0,premium,tarjeta,0,0
31,43.12,7,2,0,premium,tarjeta,0,0
46,27.96,6,12,0,estandar,tarjeta,0,0
31,26.02,10,52,1,estandar,tarjeta,0,0
23,43.02,10,1,0,premium,efectivo,0,0
5,9.51,8,36,0,basico,tarjeta,0,0
1,10.18,6,6,0,basico,tarjeta,0,0
25,11.01,9,12,0,basico,tarjeta,0,1
7,27.34,6,51,0,estandar,tarjeta,0,1
60,20.83,5,76,0,estandar,efectivo,0,1
4,30.83,11,7,1,estandar,tarjeta,0,0
22,47.34,7,47,3,premium,tarjeta,1,1
15,5.0,16,36,0,basico,efectivo,0,1
4,25.34,4,2,2,estandar,transferencia,0,0
15,16.16,10,1,1,basico,transferencia,1,1
7,13.55,13,33,0,basico,tarjeta,0,0
12,23.35,2,8,1,estandar,tarjeta,0,0
12,44.76,2,13,0,premium,transferencia,1,1
7,25.71,4,12,0,estandar,tarjeta,1,0
10,15.08,12,6,1,basico,transferencia,0,0
7,19.34,3,65,0,estandar,transferencia,0,1
3,9.58,5,41,0,basico,tarjeta,0,1
14,51.55,0,20,2,premium,tarjeta,1,1
30,25.13,17,12,0,estandar,tarjeta,0,0
7,18.11,6,4,0,basico,tarjeta,0,0
40,23.94,8,5,0,basico,transferencia,0,0
46,10.03,4,90,0,basico,transferencia,0,1
9,40.21,4,22,0,premium,tarjeta,0,0
11,23.94,7,14,0,estandar,transferencia,0,1
9,29.4,9,16,0,estandar,tarjeta,0,0
5,29.96,13,90,0,estandar,transferencia,0,1
11,34.09,8,5,2,estandar,tarjeta,1,0
10,11.85,1,45,0,basico,transferencia,1,1
14,46.95,1,17,2,premium,transferencia,0,1
14,9.15,4,19,1,basico,tarjeta,0,0
5,14.97,2,16,0,estandar,tarjeta,0,0
19,24.84,1,2,1,estandar,efectivo,0,0
11,20.38,8,8,0,estandar,tarjeta,0,0
6,47.57,14,1,1,premium,transferencia,0,0
11,5.0,6,1,2,basico,efectivo,0,1
15,22.04,6,70,2,estandar,efectivo,0,1
34,13.07,12,3,0,basico,tarjeta,0,0
31,26.49,8,1,0,estandar,transferencia,1,0
9,11.81,13,23,0,basico,efectivo,0,1
12,19.47,11,40,0,basico,tarjeta,0,1
7,18.28,9,1,2,basico,tarjeta,0,0
16,9.26,5,4,0,basico,tarjeta,0,0
9,18.44,10,22,0,basico,transferencia,0,0
11,32.05,12,6,0,estandar,tarjeta,0,0
26,24.5,8,0,0,estandar,tarjeta,0,0
5,12.18,16,67,0,basico,tarjeta,0,1
31,11.8,4,19,0,basico,transferencia,0,0
17,9.42,6,27,0,basico,tarjeta,0,1
30,22.82,11,6,0,estandar,efectivo,0,0
21,17.28,5,23,0,basico,transferencia,1,0
24,13.75,4,87,0,basico,efectivo,1,1
13,9.78,9,11,0,basico,efectivo,0,0
6,21.3,7,2,1,estandar,tarjeta,0,0
8,8.97,15,14,1,basico,transferencia,0,0
7,24.34,8,11,0,estandar,tarjeta,0,0
2,28.65,1,7,1,estandar,efectivo,0,1
26,21.56,7,30,1,estandar,tarjeta,0,1
12,28.61,18,13,1,estandar,transferencia,0,0
7,25.79,3,1,1,estandar,transferencia,0,0
44,12.57,11,4,1,basico,tarjeta,0,0
57,29.1,13,2,0,estandar,transferencia,0,0
4,28.37,8,19,1,estandar,tarjeta,0,0
11,6.38,6,8,1,basico,tarjeta,0,0
11,20.66,8,4,2,estandar,tarjeta,0,0
6,11.08,10,2,1,basico,tarjeta,0,0
25,26.42,7,41,1,estandar,tarjeta,1,0
2,30.46,6,17,1,estandar,efectivo,0,1
37,45.26,10,26,0,premium,tarjeta,1,0
14,51.81,13,11,0,premium,tarjeta,0,0
42,22.17,11,25,0,estandar,efectivo,0,0
13,22.85,6,29,1,estandar,transferencia,0,1
11,23.78,9,44,0,estandar,tarjeta,0,1
26,8.73,8,29,0,basico,efectivo,0,0
42,49.64,6,4,3,premium,tarjeta,0,0
38,13.92,10,18,0,estandar,tarjeta,0,0
3,9.99,6,30,1,basico,tarjeta,0,1
32,16.59,7,33,1,basico,transferencia,0,0
10,43.75,9,0,1,premium,tarjeta,0,0
12,16.29,6,36,1,basico,tarjeta,0,1
10,20.79,5,11,1,basico,transferencia,1,1
8,12.32,7,29,1,basico,tarjeta,1,1
11,16.68,3,61,0,basico,tarjeta,0,1
6,21.68,8,41,0,basico,transferencia,0,0
32,26.61,8,30,0,estandar,transferencia,0,0
21,11.81,12,50,1,basico,tarjeta,0,0
16,48.61,12,17,0,premium,tarjeta,1,0
10,49.74,9,12,0,premium,efectivo,0,0
9,11.84,3,5,0,basico,tarjeta,0,0
18,10.06,12,13,0,basico,tarjeta,0,0
16,31.87,9,2,0,estandar,tarjeta,0,0
28,10.92,9,6,0,basico,tarjeta,0,0
9,16.77,14,2,2,basico,efectivo,1,0
8,46.05,6,27,0,premium,tarjeta,1,1
21,52.31,5,52,0,premium,tarjeta,0,1
24,21.6,19,29,1,estandar,tarjeta,0,0
54,8.6,8,1,0,basico,tarjeta,0,0
3,28.42,9,36,0,estandar,tarjeta,0,1
33,20.48,10,6,1,estandar,efectivo,0,0
15,12.47,10,17,0,basico,transferencia,0,0
9,31.19,2,5,1,estandar,tarjeta,0,0
18,5.0,0,2,1,basico,tarjeta,0,0
18,13.61,8,24,2,basico,tarjeta,0,1
9,29.85,8,25,0,estandar,tarjeta,1,0
3,11.9,5,42,1,basico,tarjeta,0,1
33,8.29,3,14,0,basico,tarjeta,1,0
8,43.95,2,13,1,premium,transferencia,0,0
7,41.65,10,19,0,premium,efectivo,0,1
8,25.28,0,0,1,estandar,tarjeta,0,0
23,43.89,12,15,0,premium,efectivo,1,1
10,42.95,5,11,0,premium,tarjeta,0,0
8,13.86,2,29,1,basico,tarjeta,0,1
17,18.32,4,30,0,basico,transferencia,0,1
16,13.31,9,19,1,basico,tarjeta,0,0
8,17.37,2,9,1,basico,tarjeta,0,0
3,31.32,6,27,0,estandar,transferencia,0,1
23,9.65,8,48,1,basico,tarjeta,0,0
16,26.1,9,20,0,estandar,efectivo,0,0
2,10.3,8,18,1,basico,tarjeta,0,0
36,6.07,6,5,0,basico,transferencia,1,0
2,46.42,3,16,2,premium,tarjeta,0,1
7,7.79,8,4,0,basico,tarjeta,0,0
8,13.94,5,30,0,basico,tarjeta,1,1
9,5.78,9,15,0,basico,efectivo,1,1
8,25.68,6,48,1,estandar,tarjeta,0,1
5,18.72,17,4,0,estandar,efectivo,1,0
15,27.7,4,17,0,estandar,tarjeta,0,0
25,10.43,9,49,0,basico,tarjeta,0,0
15,10.04,11,17,0,basico,tarjeta,1,0
16,49.51,3,3,0,premium,tarjeta,0,0
10,23.71,5,6,0,estandar,efectivo,0,0
14,25.44,6,9,2,estandar,tarjeta,0,0
17,24.21,11,8,1,estandar,transferencia,0,0
21,27.03,11,29,0,estandar,tarjeta,0,0
8,16.17,3,29,2,basico,tarjeta,1,1
7,15.34,22,2,0,basico,transferencia,0,0
1,23.13,6,6,0,estandar,efectivo,0,1
43,16.84,10,2,0,basico,transferencia,0,0
41,41.33,10,77,0,premium,tarjeta,0,0
13,22.03,6,6,0,estandar,transferencia,0,0
13,24.49,13,11,0,estandar,transferencia,1,0
34,49.19,2,84,2,premium,tarjeta,0,1
5,20.32,10,40,0,estandar,transferencia,0,1
6,48.57,4,45,1,premium,tarjeta,0,0
36,24.78,15,29,1,estandar,transferencia,0,1
10,43.27,5,22,0,premium,efectivo,0,0
6,16.39,1,45,1,basico,efectivo,0,1
18,21.79,3,19,0,estandar,transferencia,1,1
8,34.14,15,6,0,estandar,transferencia,0,0
32,11.29,9,16,0,basico,transferencia,0,0
14,12.6,3,5,0,basico,tarjeta,0,0
8,51.17,8,27,1,premium,tarjeta,0,0
8,25.7,6,9,1,estandar,tarjeta,0,0
17,16.76,6,2,2,basico,tarjeta,0,0
11,5.0,14,12,0,basico,efectivo,0,0
10,10.23,9,0,0,basico,efectivo,0,0
22,13.59,10,34,1,basico,tarjeta,0,0
35,49.33,7,4,1,premium,tarjeta,0,0
20,15.08,12,4,1,basico,transferencia,0,0
7,14.7,2,3,1,basico,tarjeta,0,0
5,29.24,7,27,1,estandar,transferencia,0,1
21,13.9,5,20,1,basico,efectivo,0,1
20,5.0,15,0,0,basico,tarjeta,1,0
10,30.77,4,43,2,estandar,tarjeta,0,1
11,21.65,10,18,2,estandar,tarjeta,1,1
8,46.25,1,20,1,premium,tarjeta,0,1
6,25.72,8,6,0,estandar,tarjeta,0,0
8,25.19,3,2,0,estandar,tarjeta,0,1
1,20.58,7,21,0,estandar,tarjeta,0,0
28,37.25,1,35,1,premium,tarjeta,0,0
4,20.99,8,3,2,estandar,tarjeta,0,0
13,48.3,2,63,1,premium,transferencia,1,1
2,19.21,4,5,2,estandar,tarjeta,1,0
19,41.48,5,50,0,premium,efectivo,0,1
23,13.67,8,38,1,basico,tarjeta,0,1
14,20.89,6,1,0,estandar,tarjeta,0,0
12,9.83,3,1,0,basico,tarjeta,0,0
8,25.33,19,1,0,estandar,transferencia,0,0
28,26.13,7,5,1,estandar,tarjeta,0,0
3,40.81,4,90,2,premium,tarjeta,0,1
9,45.56,7,1,0,premium,tarjeta,0,0
7,13.6,4,7,2,basico,efectivo,1,1
7,19.91,8,43,0,estandar,tarjeta,0,1
27,25.86,8,72,0,estandar,tarjeta,0,0
12,9.13,3,3,3,basico,efectivo,0,1
8,12.5,12,25,0,basico,tarjeta,0,0
16,14.89,10,3,0,basico,tarjeta,1,0
15,24.29,15,0,0,estandar,transferencia,1,0
23,28.65,8,15,1,estandar,tarjeta,0,0
17,48.16,12,1,0,premium,tarjeta,0,0
12,28.63,3,12,0,estandar,tarjeta,0,0
13,46.61,7,53,0,premium,tarjeta,0,0
17,16.4,6,5,0,basico,efectivo,1,1
6,26.54,5,53,1,estandar,transferencia,0,1
15,5.33,12,46,1,basico,tarjeta,1,1
34,21.83,12,24,0,estandar,tarjeta,0,0
14,44.15,5,28,2,premium,transferencia,0,0
10,44.65,5,11,0,premium,transferencia,1,1
10,46.43,12,1,0,premium,tarjeta,0,0
16,8.77,8,35,0,basico,efectivo,1,1
15,20.03,1,20,3,basico,tarjeta,0,1
20,11.59,16,32,1,basico,transferencia,0,0
8,11.97,4,5,1,basico,tarjeta,0,0
11,22.32,8,1,1,estandar,tarjeta,1,0
22,20.99,3,43,2,estandar,transferencia,0,1
23,24.49,10,6,0,estandar,transferencia,0,0
23,45.11,1,17,0,premium,tarjeta,0,0
21,24.65,10,18,0,estandar,tarjeta,0,0
21,51.62,6,46,1,premium,transferencia,0,1
15,11.49,10,37,1,basico,tarjeta,1,1
4,11.66,5,2,2,basico,tarjeta,0,1
4,28.26,3,45,0,estandar,transferencia,1,1
13,44.32,7,2,1,premium,tarjeta,0,0
14,14.16,8,4,0,basico,tarjeta,0,0
7,19.88,11,19,2,estandar,tarjeta,0,1
7,19.92,9,22,0,estandar,efectivo,0,1
12,12.49,3,11,0,basico,tarjeta,0,0
47,11.07,16,21,0,basico,transferencia,0,0
6,41.76,8,58,1,premium,efectivo,0,1
10,25.49,3,5,2,estandar,transferencia,0,0
23,12.84,6,33,1,basico,tarjeta,0,0
20,42.16,12,16,0,premium,tarjeta,1,0
16,9.92,7,68,0,basico,tarjeta,0,1
3,45.87,6,56,1,premium,tarjeta,0,1
11,7.92,7,20,0,basico,efectivo,0,1
39,22.58,6,0,0,estandar,transferencia,1,0
7,14.14,0,89,1,basico,tarjeta,0,1
7,11.9,6,15,1,basico,tarjeta,1,1
33,43.09,10,13,1,premium,efectivo,0,0
12,8.39,7,7,0,basico,tarjeta,0,0
3,7.95,13,31,1,basico,transferencia,0,1
5,11.47,0,5,1,basico,tarjeta,1,1
8,33.1,11,0,1,estandar,transferencia,1,0
15,47.26,10,23,0,premium,transferencia,0,0
11,39.67,6,67,0,premium,tarjeta,0,1
6,14.83,3,46,0,basico,tarjeta,0,1
11,8.96,15,4,0,basico,transferencia,1,0
7,11.98,2,28,0,basico,tarjeta,0,1
40,22.64,7,38,0,estandar,tarjeta,0,0
5,53.09,11,34,0,premium,tarjeta,0,0
9,20.46,3,23,1,estandar,tarjeta,0,1
8,26.25,10,26,2,estandar,transferencia,0,1
8,9.26,2,63,0,basico,tarjeta,0,1
5,47.96,5,7,2,premium,tarjeta,0,0
32,26.17,6,14,0,estandar,efectivo,0,0
49,17.02,9,3,0,basico,tarjeta,1,0
17,14.87,9,86,1,basico,tarjeta,0,1
16,9.23,3,4,0,basico,transferencia,0,0
3,23.66,9,73,0,basico,efectivo,0,1
31,14.22,1,30,1,basico,tarjeta,0,0
7,22.8,6,24,1,estandar,transferencia,1,0
3,25.82,10,3,2,estandar,tarjeta,0,0
19,14.52,7,78,0,basico,tarjeta,0,1
26,14.37,5,13,3,basico,efectivo,0,1
31,46.98,8,1,1,premium,efectivo,0,0
9,28.87,3,20,0,estandar,tarjeta,0,0
8,28.47,9,11,2,estandar,tarjeta,0,1
15,8.61,2,3,1,basico,tarjeta,0,0
11,53.43,8,6,1,premium,tarjeta,0,0
19,19.88,8,10,2,basico,efectivo,0,1
15,15.2,5,0,0,basico,transferencia,0,0
6,45.15,1,4,0,premium,tarjeta,0,0
32,25.22,10,2,0,estandar,tarjeta,0,0
19,23.7,9,53,1,estandar,tarjeta,0,1
25,24.22,12,38,0,estandar,tarjeta,1,1
6,16.25,2,5,0,estandar,transferencia,0,1
19,18.12,15,33,0,basico,tarjeta,0,0
22,16.71,9,29,1,basico,tarjeta,0,0
15,5.29,2,2,0,basico,transferencia,0,0
5,15.56,4,2,3,basico,efectivo,0,0
14,44.97,5,3,0,premium,tarjeta,0,0
21,11.2,2,16,2,basico,tarjeta,1,1
27,26.97,8,25,0,estandar,tarjeta,0,0
4,18.03,4,72,2,estandar,tarjeta,0,1
14,24.96,13,20,1,estandar,tarjeta,0,0
4,12.32,4,90,2,basico,transferencia,0,1
21,25.32,9,6,0,estandar,tarjeta,0,0
25,39.53,7,24,0,premium,tarjeta,0,0
6,26.79,3,20,1,estandar,efectivo,0,1
5,49.24,3,10,0,premium,tarjeta,1,1
8,46.63,4,1,1,premium,transferencia,0,0
11,24.08,12,15,0,estandar,transferencia,0,0
7,22.76,11,6,0,basico,transferencia,0,0
22,21.3,11,41,0,estandar,transferencia,0,1
27,15.09,6,49,0,basico,transferencia,0,1
14,25.97,2,21,1,estandar,transferencia,1,1
7,53.05,1,30,3,premium,tarjeta,1,1
11,26.55,6,25,0,estandar,tarjeta,0,0
14,14.4,3,22,0,basico,tarjeta,0,1
11,14.02,8,38,0,basico,tarjeta,0,1
12,40.77,5,32,2,premium,tarjeta,1,1
25,8.52,4,20,1,basico,tarjeta,0,0
7,10.9,4,39,0,basico,tarjeta,0,1
42,15.83,9,7,0,basico,tarjeta,0,0
14,12.93,3,14,0,basico,tarjeta,0,0
10,24.17,11,7,1,estandar,transferencia,0,0
7,30.49,9,13,2,estandar,tarjeta,1,1
7,5.0,3,58,0,basico,transferencia,0,1
13,6.82,3,3,0,basico,tarjeta,0,0
14,5.0,8,2,2,basico,efectivo,0,0
10,16.83,9,26,3,basico,transferencia,0,1
4,11.61,7,1,3,basico,tarjeta,0,0
13,28.87,7,13,0,estandar,efectivo,0,0
7,11.56,5,16,0,basico,tarjeta,0,0
3,16.09,7,13,0,basico,tarjeta,1,0
20,11.49,6,0,0,basico,transferencia,1,0
3,13.64,16,4,0,basico,tarjeta,0,0
10,13.05,6,7,0,basico,tarjeta,1,1
12,13.35,9,10,1,basico,tarjeta,1,0
29,51.74,2,4,1,premium,tarjeta,0,0
3,5.5,6,38,1,basico,tarjeta,1,1
21,24.73,13,2,0,estandar,tarjeta,0,0
23,25.79,8,3,0,estandar,tarjeta,0,0
35,12.19,23,31,0,basico,transferencia,0,0
26,10.41,7,1,0,basico,tarjeta,0,0
12,22.86,10,9,2,estandar,tarjeta,0,0
22,51.12,15,22,0,premium,transferencia,0,0
30,11.72,1,51,0,basico,tarjeta,1,1
2,21.75,3,1,0,basico,tarjeta,0,0
4,14.11,5,2,0,basico,transferencia,0,0
15,23.84,8,11,1,estandar,efectivo,1,1
23,27.21,8,18,0,estandar,tarjeta,0,0
19,12.44,8,4,0,basico,tarjeta,1,0
16,17.37,7,13,1,basico,transferencia,0,0
34,40.33,10,18,0,premium,efectivo,0,0
10,5.0,10,22,0,basico,tarjeta,0,0
7,26.44,1,67,2,estandar,tarjeta,0,1
9,28.34,9,25,1,estandar,tarjeta,0,0
15,13.14,14,16,0,basico,tarjeta,1,0
12,14.69,12,9,0,basico,efectivo,0,0
24,14.1,8,39,2,basico,transferencia,0,1
8,39.08,4,29,0,premium,tarjeta,0,0
17,13.12,7,37,0,basico,transferencia,0,1
22,17.27,6,9,0,basico,transferencia,0,1
30,12.69,7,13,1,basico,tarjeta,0,0
5,6.76,4,15,1,basico,transferencia,0,0
9,23.66,5,11,1,estandar,tarjeta,0,0
11,14.23,2,23,1,basico,tarjeta,0,1
4,32.18,9,14,0,estandar,tarjeta,1,0
16,17.17,12,9,1,estandar,tarjeta,0,0
16,46.44,14,7,0,premium,efectivo,1,0
15,8.27,11,3,1,basico,tarjeta,1,0
11,47.03,9,35,1,premium,tarjeta,0,0
28,27.35,8,34,0,estandar,tarjeta,0,0
9,11.07,7,18,1,basico,tarjeta,0,1
26,27.53,15,0,0,estandar,tarjeta,0,0
9,49.56,5,6,0,premium,transferencia,0,0
5,11.34,8,19,3,basico,tarjeta,0,0
12,39.65,4,16,1,premium,tarjeta,1,0
14,30.7,9,13,0,estandar,transferencia,0,0
17,28.31,1,18,0,estandar,tarjeta,0,1
2,47.26,4,1,0,premium,transferencia,0,0
10,9.24,1,13,2,basico,tarjeta,0,1
41,48.94,11,8,0,premium,tarjeta,0,0
8,20.17,8,0,0,basico,transferencia,0,0
23,24.51,14,59,0,estandar,transferencia,1,1
60,25.38,5,7,0,estandar,transferencia,0,0
45,7.74,12,1,0,basico,tarjeta,0,0
5,9.12,8,63,1,basico,tarjeta,0,1
22,7.7,8,1,0,basico,transferencia,0,0
23,12.52,12,3,1,basico,tarjeta,1,0
20,10.64,13,5,0,basico,transferencia,0,0
5,13.49,4,2,0,basico,tarjeta,1,0
15,8.43,0,5,1,basico,transferencia,0,0
15,11.33,6,7,1,basico,tarjeta,0,0
4,21.19,0,19,2,estandar,tarjeta,1,1
10,25.75,13,1,0,estandar,tarjeta,0,0
15,18.47,10,11,2,estandar,tarjeta,0,0
12,12.61,4,31,1,basico,transferencia,0,1
21,43.89,11,2,0,premium,tarjeta,1,0
10,25.72,7,31,0,estandar,tarjeta,0,0
14,5.39,6,8,0,basico,efectivo,1,0
24,14.62,14,13,0,basico,transferencia,0,0
38,23.81,11,9,1,estandar,tarjeta,0,0
5,12.87,16,9,0,basico,efectivo,0,0
20,17.52,3,24,1,estandar,tarjeta,0,0
9,40.03,7,32,0,premium,transferencia,1,1
17,10.44,8,14,2,basico,tarjeta,0,1
4,17.5,4,9,1,basico,tarjeta,1,0
28,47.11,9,46,0,premium,tarjeta,0,1
7,25.52,1,4,1,estandar,tarjeta,1,0
24,8.3,8,2,0,basico,tarjeta,1,0
5,40.57,2,1,1,premium,tarjeta,0,0
4,46.11,5,30,0,premium,transferencia,0,1
11,27.8,5,2,0,estandar,tarjeta,0,0
15,25.84,7,24,0,estandar,tarjeta,0,0
48,18.84,18,16,2,basico,efectivo,0,0
15,9.27,3,18,1,basico,transferencia,1,0
5,25.72,5,43,0,estandar,efectivo,1,1
22,5.23,7,15,0,basico,tarjeta,0,0
31,25.84,7,48,2,estandar,tarjeta,0,1
7,50.88,8,53,0,premium,tarjeta,0,1
24,7.83,5,4,0,basico,tarjeta,1,0
29,28.37,2,7,0,estandar,tarjeta,0,0
22,17.76,8,20,0,basico,efectivo,0,0
8,42.24,10,12,1,premium,transferencia,0,0
15,13.87,5,9,0,basico,transferencia,0,0
17,31.32,4,36,0,estandar,tarjeta,0,0
28,25.92,6,58,2,estandar,transferencia,0,1
8,15.15,6,38,3,basico,tarjeta,0,1
24,17.9,7,33,0,estandar,efectivo,0,0
12,27.39,13,1,2,estandar,tarjeta,0,0
10,27.07,0,3,3,estandar,tarjeta,0,1
13,19.7,8,5,2,estandar,tarjeta,0,0
1,41.14,14,22,1,premium,transferencia,0,0
2,14.42,4,21,1,basico,efectivo,0,1
2,23.79,2,2,3,estandar,efectivo,0,1
18,16.45,6,1,0,basico,transferencia,0,0
11,26.24,12,66,1,estandar,efectivo,0,1
8,25.23,7,29,2,estandar,transferencia,0,0
13,11.32,9,14,0,basico,tarjeta,0,1
25,13.17,12,6,1,basico,transferencia,0,0
12,48.21,8,90,0,premium,tarjeta,0,1
5,14.14,8,1,0,basico,tarjeta,0,0
53,23.31,13,16,1,estandar,tarjeta,0,0
13,16.96,2,24,1,basico,tarjeta,0,1
29,47.63,9,13,0,premium,efectivo,0,0
22,13.54,4,25,1,basico,efectivo,0,0
9,12.37,3,25,1,basico,tarjeta,0,1
37,47.0,15,30,0,premium,transferencia,0,0
8,37.67,9,35,0,premium,tarjeta,1,1
17,12.97,9,30,0,basico,tarjeta,0,0
16,31.56,15,18,0,estandar,tarjeta,0,0
17,25.88,3,34,0,estandar,tarjeta,0,1
33,45.33,8,31,1,premium,tarjeta,0,0
13,9.62,6,26,0,basico,tarjeta,0,1
15,26.97,7,4,0,estandar,tarjeta,0,0
16,24.22,5,4,0,estandar,tarjeta,0,0
47,30.24,11,10,0,estandar,efectivo,1,1
28,21.55,13,19,0,estandar,tarjeta,0,0
3,23.19,1,4,0,estandar,tarjeta,0,0
9,9.6,7,11,0,basico,tarjeta,0,0
14,52.34,9,23,1,premium,tarjeta,0,0
33,44.24,8,25,1,premium,tarjeta,1,0
35,22.81,6,68,1,estandar,tarjeta,1,1
13,5.0,6,9,0,basico,transferencia,1,0
8,8.35,5,49,0,basico,tarjeta,0,1
11,27.11,5,2,2,estandar,transferencia,0,0
14,14.1,4,44,1,basico,tarjeta,1,1
11,42.4,14,51,1,premium,tarjeta,0,0
29,9.62,7,3,0,basico,tarjeta,0,0
10,32.44,6,47,3,estandar,tarjeta,1,1
7,55.79,4,31,0,premium,tarjeta,1,0
11,16.6,3,41,1,basico,tarjeta,0,1
16,18.24,10,7,1,basico,tarjeta,0,0
30,32.09,14,15,0,estandar,transferencia,0,0
6,33.86,5,82,1,estandar,tarjeta,1,1
16,10.79,8,60,2,basico,tarjeta,0,1
17,21.49,5,81,1,estandar,transferencia,0,1
19,52.33,9,20,0,premium,tarjeta,0,0
10,21.14,5,66,2,estandar,transferencia,0,1
19,7.89,12,7,1,basico,efectivo,0,0
22,7.98,4,39,1,basico,efectivo,0,1
10,11.47,6,4,2,basico,tarjeta,1,0
15,5.0,4,5,0,basico,tarjeta,1,0
12,6.27,3,34,2,basico,transferencia,0,1
7,22.51,5,60,0,estandar,transferencia,0,1
4,7.22,2,1,0,basico,transferencia,0,0
8,49.25,5,32,0,premium,tarjeta,0,0
9,12.03,2,8,0,basico,tarjeta,1,0
4,14.31,5,53,0,basico,tarjeta,1,1
18,26.87,4,4,0,estandar,tarjeta,0,0
23,44.17,5,48,0,premium,tarjeta,0,0
12,15.95,6,22,0,basico,efectivo,0,1
13,13.81,9,33,0,basico,tarjeta,0,0
9,10.73,4,1,2,basico,transferencia,1,1
12,18.26,1,18,2,estandar,efectivo,0,1
19,27.08,4,4,0,estandar,tarjeta,0,0
16,6.95,9,12,0,basico,tarjeta,0,0
12,13.52,6,46,1,basico,transferencia,1,1
9,25.32,12,90,0,estandar,tarjeta,0,1
22,39.56,9,20,0,premium,tarjeta,0,0
9,26.03,4,22,3,estandar,transferencia,0,1
5,25.77,15,1,1,estandar,transferencia,0,0
15,12.78,1,29,4,basico,transferencia,0,1
3,12.59,4,37,0,basico,efectivo,0,1
16,9.39,6,49,0,basico,tarjeta,0,1
17,27.37,7,50,1,estandar,transferencia,0,1
8,42.25,3,22,1,premium,transferencia,0,0
9,40.7,8,3,0,premium,transferencia,0,0
24,47.7,3,1,0,premium,transferencia,0,0
44,48.75,6,5,0,premium,transferencia,0,0
13,47.42,4,5,0,premium,efectivo,0,0
8,11.17,1,9,2,basico,tarjeta,0,0
17,5.0,8,36,0,basico,transferencia,1,0
12,17.93,6,5,0,basico,tarjeta,1,0
16,17.18,14,4,0,estandar,tarjeta,0,0
15,14.34,7,90,0,basico,transferencia,0,1
15,53.44,11,27,0,premium,transferencia,0,0
2,25.6,3,1,1,estandar,tarjeta,0,0
9,26.16,7,11,0,estandar,tarjeta,0,0
8,13.52,13,7,1,basico,tarjeta,1,0
8,12.79,7,11,1,basico,tarjeta,0,0
20,21.4,8,9,2,basico,tarjeta,1,0
5,41.63,8,19,1,premium,efectivo,0,1
2,21.13,7,15,0,estandar,tarjeta,0,0
8,23.69,1,36,0,estandar,efectivo,1,1
7,18.96,4,5,0,basico,tarjeta,0,0
13,9.69,10,34,0,basico,transferencia,1,1
7,13.72,3,12,1,basico,tarjeta,0,0
11,29.28,1,35,2,estandar,transferencia,0,1
10,28.12,7,8,0,estandar,transferencia,0,0
29,16.07,0,8,1,basico,transferencia,0,0
7,50.67,6,43,1,premium,efectivo,1,1
19,13.23,9,7,0,basico,tarjeta,0,0
12,43.17,1,3,0,premium,tarjeta,0,0
24,12.59,9,41,0,basico,tarjeta,0,1
34,10.64,12,5,0,basico,transferencia,0,0
12,55.09,4,46,2,premium,tarjeta,1,1
3,9.87,11,18,0,basico,tarjeta,1,0
5,13.93,7,18,1,basico,tarjeta,0,0
4,6.0,2,23,1,basico,tarjeta,0,1
9,12.53,8,80,0,basico,transferencia,0,1
8,23.85,10,27,0,estandar,transferencia,1,1
15,47.7,11,58,1,premium,transferencia,1,1
23,47.81,6,19,1,premium,transferencia,0,0
3,17.67,7,9,1,basico,efectivo,0,0
13,30.35,4,15,0,estandar,tarjeta,0,0
7,11.73,3,6,0,basico,efectivo,0,0
13,8.22,9,53,0,basico,tarjeta,0,0
9,8.69,10,90,0,basico,transferencia,0,1
21,46.21,8,4,1,premium,transferencia,0,0
5,45.63,4,45,2,premium,tarjeta,1,1
8,26.03,2,5,2,estandar,tarjeta,1,0
11,22.86,6,8,0,estandar,tarjeta,1,0
10,30.75,9,2,0,estandar,tarjeta,1,0
11,19.11,12,4,0,estandar,efectivo,0,0
3,22.64,2,54,1,estandar,tarjeta,1,1
31,7.69,8,9,0,basico,tarjeta,0,0
9,11.16,7,7,1,basico,tarjeta,0,0
6,16.99,6,0,0,basico,tarjeta,0,0
12,43.85,5,10,2,premium,tarjeta,0,0
13,25.41,4,2,0,estandar,tarjeta,0,0
40,47.66,16,4,0,premium,tarjeta,0,0
25,10.66,12,0,0,basico,tarjeta,1,0
10,26.53,3,19,1,estandar,tarjeta,0,1
36,13.0,6,16,2,basico,tarjeta,0,0
31,7.48,12,12,0,basico,transferencia,0,0
6,10.14,6,6,2,basico,tarjeta,1,0
46,13.42,15,6,0,basico,tarjeta,0,0
9,50.13,1,26,1,premium,efectivo,1,1
14,17.13,3,24,1,basico,tarjeta,1,1
28,33.38,6,17,2,estandar,tarjeta,0,1
3,26.94,10,8,1,estandar,transferencia,0,0
11,10.35,9,37,1,basico,tarjeta,0,1
16,24.74,19,7,0,estandar,transferencia,0,0
25,11.54,10,8,0,basico,transferencia,0,0
13,43.37,5,6,1,premium,efectivo,0,0
3,46.53,6,5,1,premium,efectivo,0,0
40,26.72,8,12,1,estandar,tarjeta,0,0
13,20.3,3,8,1,estandar,transferencia,0,0
16,16.35,11,4,0,basico,tarjeta,0,0
4,37.65,9,24,0,premium,transferencia,0,0
30,11.11,4,4,0,basico,tarjeta,0,0
9,16.6,5,21,0,basico,tarjeta,1,0
7,14.43,6,52,0,basico,tarjeta,0,1
26,23.57,11,2,0,estandar,tarjeta,0,0
4,32.88,7,13,1,estandar,tarjeta,0,0
16,23.24,8,40,0,estandar,tarjeta,0,0
7,16.99,0,21,2,estandar,efectivo,0,1
18,13.81,9,17,1,basico,tarjeta,0,1
21,37.89,9,90,0,premium,transferencia,0,1
9,8.67,13,41,0,basico,transferencia,0,1
29,27.49,18,7,0,estandar,transferencia,0,0
13,10.16,6,0,1,basico,tarjeta,0,0
40,47.32,8,9,2,premium,efectivo,1,0
26,7.37,8,35,1,basico,transferencia,0,0
14,15.43,4,3,1,basico,transferencia,0,0
14,18.24,11,55,0,estandar,efectivo,1,1
4,17.27,4,2,1,basico,tarjeta,1,0
26,10.1,9,19,1,basico,tarjeta,0,0
8,31.12,8,8,0,estandar,efectivo,0,0
15,8.64,7,20,0,basico,tarjeta,1,0
40,52.7,7,1,0,premium,transferencia,0,0
29,8.17,16,8,0,basico,tarjeta,0,0
6,17.82,11,3,1,estandar,tarjeta,0,0
13,25.17,6,6,0,estandar,tarjeta,0,0
16,29.94,10,30,0,estandar,tarjeta,0,0
31,28.16,11,24,0,estandar,efectivo,1,1
28,29.65,7,13,0,estandar,tarjeta,0,0
19,48.24,0,4,1,premium,transferencia,0,0
18,8.72,4,34,0,basico,tarjeta,0,1
13,15.07,6,83,0,basico,efectivo,0,1
16,25.37,6,44,0,estandar,tarjeta,0,0
11,42.16,14,8,0,premium,tarjeta,0,0
22,12.72,9,0,0,basico,tarjeta,0,0
18,11.77,10,34,1,basico,tarjeta,0,0
25,50.66,2,32,0,premium,efectivo,0,1
25,22.94,7,3,0,estandar,efectivo,0,0
8,42.75,4,65,1,premium,tarjeta,0,1
2,22.21,14,4,0,estandar,tarjeta,0,0
7,32.59,2,4,0,estandar,tarjeta,0,0
16,9.43,6,14,0,basico,tarjeta,1,1
11,50.19,9,1,0,premium,tarjeta,0,1
10,7.87,7,7,0,basico,tarjeta,0,0
7,27.03,8,15,0,estandar,transferencia,0,0
17,13.05,10,7,1,basico,efectivo,0,0
3,29.93,14,3,0,estandar,tarjeta,0,0
19,29.35,9,3,0,estandar,tarjeta,0,0
19,25.33,10,27,0,estandar,tarjeta,0,0
25,42.85,12,41,2,premium,tarjeta,0,1
60,18.5,3,26,0,basico,tarjeta,0,0
1,22.45,1,15,2,estandar,transferencia,0,1
19,5.0,10,14,2,basico,tarjeta,0,0
21,5.0,9,28,2,basico,transferencia,1,1
7,5.54,1,12,1,basico,efectivo,0,0
11,14.38,15,0,1,basico,efectivo,1,1
9,20.86,6,1,1,basico,transferencia,0,0
19,16.84,3,14,0,estandar,tarjeta,1,0
27,21.87,2,13,0,estandar,tarjeta,1,0
5,25.36,4,6,0,estandar,tarjeta,0,0
17,18.18,5,5,2,basico,efectivo,1,1
31,8.85,16,8,1,basico,efectivo,0,0
8,14.36,17,3,0,basico,tarjeta,1,0
1,24.0,2,77,1,estandar,tarjeta,0,1
6,55.43,8,3,0,premium,tarjeta,0,0
6,12.58,4,66,2,basico,tarjeta,0,1
7,26.42,7,83,2,estandar,efectivo,0,1
40,12.34,3,4,1,basico,tarjeta,0,0
45,10.34,8,21,0,basico,tarjeta,0,0
33,15.8,9,23,1,basico,tarjeta,0,0
11,7.36,8,13,2,basico,tarjeta,1,0
34,16.99,2,25,2,estandar,tarjeta,0,0
2,44.4,3,43,2,premium,efectivo,0,1
6,15.26,4,25,2,basico,tarjeta,0,0
22,22.68,3,90,1,estandar,tarjeta,1,1
8,25.75,7,8,0,estandar,tarjeta,1,0
5,40.12,11,5,0,premium,tarjeta,0,0
17,29.25,13,10,0,estandar,tarjeta,0,0
17,14.61,7,20,0,basico,tarjeta,0,0
18,25.08,9,10,2,estandar,tarjeta,0,0
20,12.67,5,78,1,basico,tarjeta,1,1
16,39.43,4,9,2,premium,transferencia,0,0
12,6.6,7,18,0,basico,transferencia,0,0
14,24.51,5,19,0,estandar,efectivo,1,0
23,14.05,12,10,0,basico,tarjeta,1,0
16,14.26,4,3,0,basico,transferencia,1,0
9,43.55,15,7,0,premium,transferencia,0,0
7,27.98,2,2,1,estandar,tarjeta,0,0
14,17.68,7,0,0,basico,tarjeta,0,0
30,44.65,5,12,0,premium,tarjeta,0,0
20,46.24,8,15,3,premium,transferencia,0,1
32,11.17,7,2,0,basico,tarjeta,0,0
10,24.49,13,30,1,estandar,tarjeta,0,0
15,25.68,9,1,0,estandar,efectivo,0,0
17,31.81,9,14,1,estandar,tarjeta,1,0
23,15.66,3,90,1,basico,efectivo,1,1
10,15.3,8,7,1,basico,transferencia,0,0
20,43.19,10,10,1,premium,transferencia,1,0
29,41.41,5,8,0,premium,transferencia,1,0
13,46.56,4,2,1,premium,tarjeta,0,0
7,49.97,11,11,1,premium,transferencia,0,0
30,31.89,8,17,2,estandar,transferencia,1,1
21,15.19,12,14,1,estandar,transferencia,0,0
4,34.79,7,8,0,estandar,tarjeta,1,0
13,26.67,5,32,1,estandar,tarjeta,0,1
41,28.64,11,14,0,estandar,tarjeta,0,0
19,5.04,3,24,1,basico,tarjeta,0,1
14,24.05,17,48,0,estandar,tarjeta,1,1
6,15.29,7,39,1,basico,transferencia,0,1
6,7.3,0,57,4,basico,transferencia,0,1
22,13.45,9,42,0,estandar,transferencia,0,0
6,13.34,7,28,1,basico,tarjeta,0,1
17,11.8,1,5,1,basico,tarjeta,0,0
12,50.77,14,17,0,premium,tarjeta,0,1
16,44.36,7,19,0,premium,tarjeta,0,0
12,11.65,8,22,0,basico,tarjeta,1,1
18,14.79,5,9,1,basico,tarjeta,0,0
25,16.13,1,24,0,basico,tarjeta,1,1
12,22.17,4,4,0,estandar,tarjeta,0,0
24,48.78,6,7,1,premium,tarjeta,0,0
32,9.91,7,2,0,basico,tarjeta,0,0
17,25.07,5,28,0,estandar,tarjeta,0,0
22,14.68,0,23,1,basico,transferencia,0,0
5,15.38,4,4,0,basico,tarjeta,0,0
12,46.27,2,8,1,premium,tarjeta,1,0
4,7.68,8,2,1,basico,tarjeta,0,0
9,5.0,12,89,0,basico,efectivo,0,1
12,11.25,3,12,1,basico,tarjeta,1,0
43,28.89,11,4,1,estandar,transferencia,1,0
7,46.8,6,13,0,premium,tarjeta,0,0
13,45.97,10,2,0,premium,transferencia,0,0
6,11.97,9,77,0,basico,efectivo,0,1
11,13.24,8,4,0,basico,tarjeta,1,0
19,21.02,4,18,0,estandar,transferencia,1,1
21,15.12,6,12,0,basico,tarjeta,0,0
10,48.39,5,13,0,premium,transferencia,0,0
8,23.58,5,4,1,estandar,tarjeta,0,0
35,13.75,15,13,0,basico,tarjeta,1,0
10,38.13,2,28,0,premium,efectivo,1,1
2,12.72,6,2,2,basico,efectivo,0,1
29,11.47,16,22,2,basico,tarjeta,0,0
2,30.04,7,26,0,estandar,efectivo,0,1
30,24.21,12,34,1,estandar,tarjeta,1,1
4,28.47,3,24,1,estandar,tarjeta,0,1
4,23.44,2,4,0,estandar,efectivo,0,0
5,35.86,15,2,0,premium,tarjeta,0,0
9,44.1,8,3,0,premium,tarjeta,0,0
30,25.79,11,6,1,estandar,transferencia,0,0
6,12.6,0,43,5,basico,tarjeta,0,1
19,25.66,5,9,2,estandar,tarjeta,0,0
16,42.97,7,29,0,premium,tarjeta,0,0
14,10.71,8,11,0,basico,transferencia,0,0
26,20.49,1,22,0,estandar,tarjeta,1,0
15,5.0,5,9,0,basico,tarjeta,0,0
16,11.57,8,83,0,basico,transferencia,1,1
22,22.02,11,51,0,estandar,tarjeta,1,1
9,16.32,1,24,0,basico,tarjeta,0,0
13,16.27,9,4,0,estandar,transferencia,0,0
17,46.16,11,1,0,premium,transferencia,0,0
25,53.49,13,0,1,premium,tarjeta,0,0
12,11.27,10,13,0,basico,efectivo,0,0
13,11.99,8,36,0,basico,transferencia,0,0
18,26.71,5,5,1,estandar,tarjeta,0,0
12,47.02,10,34,1,premium,transferencia,0,0
8,23.37,4,22,0,estandar,transferencia,0,0
22,40.97,9,2,0,premium,transferencia,0,0
15,14.61,3,43,1,basico,tarjeta,0,1
10,37.37,9,0,0,premium,transferencia,0,0
5,15.33,5,10,3,basico,efectivo,0,1
2,10.43,9,8,1,basico,tarjeta,0,0
19,25.01,5,6,1,estandar,transferencia,0,0
7,9.9,11,13,0,basico,transferencia,0,0
3,17.72,10,12,0,basico,efectivo,0,1
7,13.0,5,29,3,basico,efectivo,0,1
17,10.71,2,30,2,basico,tarjeta,1,1
7,23.6,5,36,0,estandar,tarjeta,0,1
17,11.41,2,66,2,basico,tarjeta,0,1
9,34.59,5,10,0,estandar,tarjeta,0,0
13,39.73,15,2,0,premium,tarjeta,0,0
14,16.33,3,14,0,basico,transferencia,0,1
21,14.27,12,7,1,basico,efectivo,0,0
21,51.16,13,15,0,premium,tarjeta,0,0
14,47.52,1,23,2,premium,transferencia,0,1
6,25.01,3,10,0,estandar,tarjeta,0,0
28,49.08,1,18,0,premium,tarjeta,0,0
10,12.92,9,10,0,basico,tarjeta,1,0
1,15.02,5,3,0,basico,tarjeta,0,0
16,30.71,5,9,1,estandar,tarjeta,0,1
17,12.37,0,21,0,basico,transferencia,0,0
10,23.3,4,27,1,estandar,transferencia,1,1
4,22.42,6,15,0,estandar,tarjeta,0,0
3,26.8,9,4,0,estandar,tarjeta,1,0
11,21.49,0,31,2,estandar,tarjeta,0,1
6,10.6,1,70,2,basico,efectivo,1,1
25,8.13,15,42,0,basico,efectivo,0,1
10,14.03,2,23,1,basico,tarjeta,0,1
9,21.99,6,21,2,estandar,tarjeta,0,0
40,6.85,5,16,1,basico,tarjeta,0,0
1,7.56,5,3,0,basico,transferencia,1,0
13,9.72,0,12,2,basico,tarjeta,0,0
3,10.08,6,7,1,basico,tarjeta,0,0
30,46.01,13,4,0,premium,tarjeta,0,0
3,11.35,7,17,0,basico,tarjeta,0,0
17,46.48,3,55,1,premium,tarjeta,1,1
16,13.8,5,5,0,basico,tarjeta,0,0
2,27.96,2,3,0,estandar,transferencia,0,0
17,5.0,4,11,2,basico,tarjeta,0,0
9,7.49,9,19,1,basico,tarjeta,0,0
20,47.22,6,23,0,premium,tarjeta,0,0
8,45.85,7,4,2,premium,tarjeta,0,0
17,48.91,6,12,0,premium,transferencia,0,0
12,5.82,4,5,0,basico,efectivo,0,0
17,10.1,2,2,1,basico,tarjeta,0,0
19,23.81,9,12,0,estandar,efectivo,0,0
11,12.67,3,10,1,basico,transferencia,0,0
10,25.14,8,70,0,estandar,transferencia,0,1
19,26.88,7,9,1,estandar,tarjeta,1,0
9,24.54,3,84,2,estandar,tarjeta,1,1
11,50.49,3,25,0,premium,tarjeta,0,1
34,31.76,7,3,0,estandar,efectivo,0,0
13,7.53,6,25,0,basico,transferencia,0,1
21,12.18,8,39,0,basico,tarjeta,1,0
8,28.19,11,53,0,estandar,tarjeta,0,1
17,27.34,6,15,1,estandar,tarjeta,0,0
12,10.37,7,54,0,basico,tarjeta,0,1
10,13.02,8,13,0,basico,transferencia,0,0
2,18.67,1,78,1,estandar,tarjeta,0,1
6,44.92,0,60,0,premium,transferencia,1,1
2,19.16,5,5,2,estandar,transferencia,0,0
42,14.03,12,16,0,basico,transferencia,0,0
12,7.54,8,38,0,basico,transferencia,0,1
13,25.65,2,25,1,estandar,tarjeta,0,1
24,13.28,9,12,0,basico,transferencia,0,0
16,25.3,5,2,1,estandar,transferencia,0,0
10,22.47,12,14,0,estandar,tarjeta,0,0
10,11.16,16,10,2,basico,tarjeta,0,0
5,16.72,12,6,0,basico,tarjeta,0,0
18,10.3,8,3,1,basico,tarjeta,0,0
19,45.09,8,15,0,premium,tarjeta,0,0
13,22.77,3,0,1,estandar,tarjeta,0,0
12,16.08,11,3,0,basico,transferencia,0,0
19,45.31,2,37,1,premium,tarjeta,0,1
5,21.94,10,2,0,estandar,tarjeta,0,0
17,25.03,7,9,0,estandar,tarjeta,0,0
35,44.04,16,1,0,premium,tarjeta,0,0
8,17.57,5,20,0,basico,efectivo,0,1
11,11.82,10,22,0,basico,tarjeta,0,0
29,19.47,4,8,0,estandar,tarjeta,1,0
13,13.99,7,0,1,basico,tarjeta,0,0
23,32.14,3,14,2,estandar,tarjeta,0,0
17,16.79,9,27,1,basico,transferencia,0,0
18,7.59,5,18,1,basico,transferencia,0,0
8,10.93,1,90,1,basico,tarjeta,0,1
7,11.88,4,55,1,basico,transferencia,0,1
21,11.93,21,20,0,basico,tarjeta,1,0
4,13.52,3,17,1,basico,transferencia,0,1
11,43.62,3,20,0,premium,tarjeta,0,0
19,8.34,6,1,0,basico,tarjeta,1,0
11,15.81,2,42,0,basico,transferencia,1,1
12,7.51,9,48,0,basico,transferencia,0,1
23,8.79,14,0,0,basico,tarjeta,0,0
31,7.48,11,12,0,basico,efectivo,0,0
53,27.45,13,34,1,estandar,efectivo,0,0
30,12.43,18,50,0,basico,tarjeta,0,0
9,48.53,13,16,0,premium,transferencia,0,0
7,41.86,3,56,1,premium,transferencia,0,1
9,6.99,11,22,0,basico,tarjeta,0,0
19,10.22,3,7,1,basico,tarjeta,1,0
10,11.27,9,8,0,basico,efectivo,1,1
8,25.84,1,19,1,estandar,transferencia,1,1
34,5.27,6,31,0,basico,tarjeta,0,0
10,46.91,5,0,1,premium,tarjeta,0,0
18,21.42,3,7,0,estandar,tarjeta,0,0
18,42.41,7,3,2,premium,efectivo,0,0
2,29.69,8,21,1,estandar,transferencia,0,1
33,36.27,7,8,0,premium,tarjeta,1,0
5,13.29,6,22,1,basico,efectivo,0,1
4,13.27,5,21,0,basico,transferencia,0,1
9,8.72,8,10,1,basico,tarjeta,0,0
7,43.21,11,8,0,premium,tarjeta,0,0
29,29.88,12,11,0,estandar,tarjeta,1,0
16,52.85,9,3,0,premium,tarjeta,0,0
8,16.26,3,2,1,basico,tarjeta,0,0
3,52.54,6,9,0,premium,transferencia,1,0
17,22.23,7,24,0,estandar,efectivo,0,0
11,18.68,6,38,1,estandar,tarjeta,0,1
19,44.79,2,54,0,premium,efectivo,0,1
16,15.22,10,18,1,basico,efectivo,1,1
7,5.0,10,21,0,basico,tarjeta,0,0
20,21.29,9,16,0,estandar,tarjeta,0,0
4,8.74,13,32,0,basico,transferencia,0,1
10,13.43,8,11,0,basico,transferencia,1,0
11,12.91,6,11,2,basico,tarjeta,0,1
13,8.9,5,10,0,basico,transferencia,0,0
4,45.72,2,37,0,premium,transferencia,1,1
28,20.42,3,26,3,estandar,transferencia,0,1
7,10.29,9,57,0,basico,transferencia,0,1
3,6.94,7,0,3,basico,tarjeta,1,0
16,11.4,10,36,1,basico,tarjeta,1,0
42,21.8,3,58,0,estandar,tarjeta,0,1
2,47.76,2,9,0,premium,efectivo,0,0
6,44.9,16,21,0,premium,efectivo,0,0
24,11.09,4,10,1,basico,transferencia,0,1
13,19.07,3,7,1,basico,tarjeta,0,0
4,26.53,4,15,0,estandar,tarjeta,1,0
11,23.53,0,9,0,estandar,tarjeta,0,0
35,22.67,6,18,0,estandar,tarjeta,0,0
30,20.28,5,7,1,estandar,tarjeta,1,0
59,24.74,10,30,0,estandar,transferencia,0,1
21,13.23,5,2,1,basico,tarjeta,0,0
9,5.0,7,17,1,basico,transferencia,0,0
23,6.54,4,10,1,basico,efectivo,1,1
7,9.94,6,1,0,basico,transferencia,1,0
12,7.61,12,5,0,basico,tarjeta,0,0
7,25.17,5,5,0,estandar,efectivo,1,0
21,12.73,7,2,0,basico,transferencia,0,0
20,11.51,6,32,3,basico,tarjeta,0,1
8,27.2,9,26,1,estandar,transferencia,1,1
27,22.66,6,12,0,estandar,efectivo,1,0
33,11.82,14,15,0,basico,tarjeta,0,0
9,40.99,9,7,2,premium,tarjeta,0,1
17,46.14,12,14,0,premium,tarjeta,0,0
34,25.3,9,16,0,estandar,tarjeta,0,0
16,20.21,10,52,0,estandar,transferencia,1,1
10,11.38,0,12,1,basico,tarjeta,0,0
12,44.85,0,11,0,premium,tarjeta,1,1
9,13.12,14,3,0,basico,tarjeta,0,0
27,46.27,16,13,0,premium,tarjeta,0,0
25,22.12,13,29,0,estandar,tarjeta,1,0
47,15.05,7,13,0,basico,transferencia,1,0
7,14.09,5,10,0,basico,tarjeta,0,0
8,22.1,2,15,1,estandar,tarjeta,0,0
4,20.43,7,23,0,estandar,efectivo,1,1
19,9.41,8,6,2,basico,efectivo,1,1
5,19.11,8,13,0,estandar,tarjeta,0,0
45,45.83,6,40,3,premium,tarjeta,1,0
7,29.73,6,2,0,estandar,tarjeta,0,0
2,30.69,10,1,1,estandar,tarjeta,0,0
5,7.64,6,3,0,basico,tarjeta,0,0
16,28.15,14,0,0,estandar,efectivo,0,0
12,12.34,7,37,0,basico,transferencia,0,1
7,35.42,5,9,0,premium,tarjeta,0,0
12,10.67,6,7,0,basico,efectivo,0,1
8,23.23,13,29,0,estandar,tarjeta,0,0
19,16.84,4,23,2,basico,tarjeta,0,1
5,8.52,3,7,1,basico,tarjeta,1,0
14,27.25,5,57,0,estandar,tarjeta,1,1
15,24.57,5,17,0,estandar,efectivo,1,0
13,19.22,6,61,2,estandar,tarjeta,0,1
17,42.79,5,4,1,premium,transferencia,1,0
12,51.13,5,12,0,premium,tarjeta,1,0
21,44.31,5,17,3,premium,efectivo,0,1
12,15.62,3,7,0,basico,transferencia,0,0
28,28.4,0,22,0,estandar,tarjeta,1,0
14,43.21,2,47,0,premium,tarjeta,1,0
27,6.87,12,9,1,basico,efectivo,0,0
8,7.39,7,29,1,basico,tarjeta,0,0
6,50.81,6,10,2,premium,tarjeta,0,0
21,25.61,12,22,0,estandar,efectivo,0,1
13,18.06,4,29,1,estandar,tarjeta,0,0
1,48.34,3,2,0,premium,tarjeta,0,0
7,17.85,4,18,1,estandar,tarjeta,0,0
16,8.7,10,6,0,basico,tarjeta,0,0
12,12.33,7,14,1,basico,tarjeta,0,0
7,22.08,9,17,1,basico,tarjeta,1,0
13,15.26,9,37,0,basico,tarjeta,0,0
14,23.07,1,60,2,estandar,tarjeta,0,1
3,45.11,6,28,1,premium,tarjeta,0,1
27,15.68,11,13,0,basico,efectivo,0,0
31,17.69,6,90,0,basico,tarjeta,0,1
7,44.01,13,7,0,premium,tarjeta,1,0
41,11.13,8,16,2,basico,tarjeta,0,0
12,21.68,9,77,0,estandar,transferencia,0,1
8,27.66,4,5,0,estandar,tarjeta,0,0
8,29.1,9,5,1,estandar,tarjeta,1,0
39,5.0,11,4,0,basico,transferencia,1,0
5,23.41,1,23,0,estandar,tarjeta,1,0
14,7.15,2,18,1,basico,transferencia,0,0
16,25.6,8,21,0,estandar,efectivo,0,0
21,7.05,10,60,0,basico,transferencia,1,1
14,19.72,6,46,1,estandar,tarjeta,0,0
37,29.49,6,21,0,estandar,tarjeta,0,0
42,11.34,13,33,0,basico,tarjeta,0,0
32,11.76,6,25,0,basico,transferencia,0,0
17,13.73,11,5,0,basico,efectivo,0,0
24,15.88,4,90,0,basico,efectivo,0,1
10,10.33,6,18,1,basico,tarjeta,0,0
27,43.41,11,2,0,premium,transferencia,0,0
8,10.43,4,32,0,basico,tarjeta,0,1
6,49.33,11,11,0,premium,transferencia,0,0
6,44.73,10,8,1,premium,tarjeta,0,0
19,10.84,8,2,1,basico,tarjeta,1,0
34,26.56,6,7,1,estandar,tarjeta,0,0
36,52.33,2,3,2,premium,efectivo,1,1
2,25.3,12,8,1,estandar,tarjeta,0,0
25,10.92,6,58,0,basico,tarjeta,0,1
6,19.77,1,18,1,basico,tarjeta,0,0
52,17.32,10,17,1,basico,tarjeta,0,0
4,29.74,5,13,0,estandar,efectivo,0,0
3,43.0,4,0,0,premium,tarjeta,0,0
25,42.6,11,16,0,premium,tarjeta,0,0
10,5.0,11,12,0,basico,transferencia,0,0
9,28.86,6,9,0,estandar,tarjeta,1,1
7,12.31,2,4,1,basico,tarjeta,0,1
8,37.8,4,29,3,premium,tarjeta,0,1
26,16.81,8,19,0,basico,tarjeta,0,0
6,43.65,0,29,2,premium,tarjeta,0,0
12,44.14,6,14,1,premium,tarjeta,0,0
5,5.95,15,0,0,basico,tarjeta,0,0
14,13.97,2,27,0,basico,transferencia,1,1
9,47.01,3,2,0,premium,efectivo,0,0
18,11.81,6,8,0,basico,efectivo,0,1
20,23.33,3,3,1,estandar,tarjeta,0,0
35,55.51,8,53,0,premium,tarjeta,1,1
50,20.19,7,25,0,estandar,efectivo,1,1
8,9.11,11,5,0,basico,transferencia,0,0
21,14.83,14,56,0,basico,tarjeta,0,0
9,7.94,8,21,1,basico,tarjeta,0,0
19,40.65,14,2,0,premium,tarjeta,1,0
19,16.53,4,25,0,basico,tarjeta,0,0
18,14.42,11,16,0,basico,tarjeta,0,0
22,13.94,4,2,0,basico,tarjeta,0,0
15,45.73,4,43,0,premium,efectivo,1,1
10,9.23,3,35,0,basico,tarjeta,0,1
14,43.99,6,20,1,premium,tarjeta,0,0
48,24.68,3,8,0,estandar,tarjeta,1,0
8,48.38,4,11,0,premium,transferencia,0,0
10,46.7,15,1,0,premium,transferencia,1,0
7,41.29,1,11,4,premium,tarjeta,0,0
2,48.16,6,6,1,premium,tarjeta,0,0
12,5.29,1,17,2,basico,transferencia,0,1
20,23.72,10,6,2,estandar,transferencia,1,1
6,20.43,4,10,1,estandar,tarjeta,0,0
31,21.57,9,1,0,estandar,efectivo,0,0
18,52.71,4,14,0,premium,tarjeta,1,1
26,39.12,9,5,0,premium,tarjeta,0,0
16,21.72,11,22,0,estandar,tarjeta,0,0
12,27.04,5,17,0,estandar,tarjeta,0,0
10,23.12,5,32,0,estandar,tarjeta,1,1
16,12.62,8,37,0,basico,tarjeta,0,0
17,17.72,9,3,0,basico,transferencia,0,0
9,14.62,7,2,1,basico,tarjeta,0,0
11,10.13,6,0,1,basico,efectivo,0,1
42,11.47,13,39,0,basico,tarjeta,1,0
14,27.12,4,3,1,estandar,tarjeta,0,0
15,14.54,3,13,1,basico,efectivo,0,1
36,45.08,6,0,2,premium,transferencia,1,0
17,26.44,11,41,0,estandar,transferencia,0,0
13,13.45,6,51,1,basico,transferencia,0,1
25,11.63,14,57,0,basico,tarjeta,0,1
22,9.58,10,52,0,basico,tarjeta,0,1
16,47.97,5,55,1,premium,tarjeta,0,1
17,13.17,5,10,0,basico,tarjeta,0,0
11,16.68,4,2,0,estandar,tarjeta,1,0
5,41.7,13,36,0,premium,tarjeta,1,1
20,43.08,8,0,0,premium,efectivo,0,0
4,11.2,7,5,0,basico,efectivo,1,1
5,16.82,12,42,0,basico,transferencia,0,1
11,24.81,0,17,1,basico,transferencia,0,1
10,5.0,4,52,1,basico,tarjeta,0,1
21,13.22,3,90,0,basico,tarjeta,1,1
25,25.28,21,2,0,estandar,transferencia,0,0
46,44.28,5,18,0,premium,transferencia,0,0
3,27.17,1,15,2,estandar,tarjeta,0,0
18,25.6,9,52,0,estandar,tarjeta,1,1
18,10.55,4,4,0,basico,tarjeta,0,0
16,45.12,1,6,1,premium,tarjeta,0,0
20,27.23,2,25,3,estandar,tarjeta,0,1
23,46.85,6,14,0,premium,tarjeta,0,0
32,45.75,5,22,1,premium,transferencia,1,0
16,9.67,5,14,0,basico,efectivo,1,1
38,23.28,7,5,0,basico,tarjeta,0,0
17,13.44,8,84,0,basico,transferencia,0,1
9,15.05,15,13,0,basico,transferencia,0,0
16,42.97,9,9,1,premium,tarjeta,0,0
7,12.76,4,9,1,basico,transferencia,0,1
7,25.73,9,5,2,estandar,tarjeta,0,0
12,17.35,9,3,0,estandar,tarjeta,0,0
11,9.13,9,19,0,basico,tarjeta,1,0
31,9.06,7,8,0,basico,efectivo,0,0
12,22.6,10,1,1,estandar,efectivo,0,0
6,20.72,4,28,3,estandar,tarjeta,0,1
14,12.18,3,1,2,basico,tarjeta,0,0
16,17.59,4,4,1,basico,tarjeta,0,0
15,25.52,14,22,0,estandar,transferencia,0,1
6,7.27,7,49,0,basico,tarjeta,0,1
34,40.88,7,11,1,premium,tarjeta,1,0
3,10.49,6,1,0,basico,transferencia,0,0
14,6.34,0,18,2,basico,tarjeta,0,0
6,26.22,10,26,1,estandar,tarjeta,0,0
26,30.41,11,43,1,estandar,tarjeta,0,0
18,22.7,3,25,1,estandar,tarjeta,0,0
16,12.3,14,19,1,basico,tarjeta,0,0
11,43.28,1,12,0,premium,tarjeta,0,0
32,22.48,12,18,0,estandar,tarjeta,0,0
11,25.76,5,40,1,estandar,efectivo,0,1
41,9.35,6,17,0,basico,tarjeta,0,0
7,8.77,4,42,0,basico,efectivo,0,1
14,18.52,1,52,1,estandar,tarjeta,0,1
22,12.26,12,52,0,basico,transferencia,1,1
19,29.27,13,18,1,estandar,tarjeta,0,0
13,14.83,6,24,1,basico,transferencia,0,0
3,50.97,9,8,0,premium,tarjeta,0,0
15,22.3,14,1,1,estandar,tarjeta,0,1
10,48.4,6,4,1,premium,tarjeta,0,0
8,20.59,17,16,0,estandar,tarjeta,1,0
23,14.84,8,11,0,basico,efectivo,0,1
2,51.58,6,1,2,premium,efectivo,0,1
13,26.99,10,33,0,estandar,transferencia,1,0
1,31.65,13,21,0,estandar,tarjeta,0,0
19,9.61,1,14,1,basico,efectivo,1,1
23,24.46,8,5,0,estandar,transferencia,0,0
15,41.34,5,8,0,premium,tarjeta,0,0
9,25.14,2,0,0,estandar,tarjeta,0,0
31,13.08,6,2,1,basico,transferencia,1,0
33,25.1,10,0,0,estandar,tarjeta,0,0
17,23.1,1,12,2,estandar,tarjeta,0,0
36,43.04,8,20,1,premium,transferencia,1,0
7,13.38,12,10,0,basico,tarjeta,0,0
12,11.36,8,12,2,basico,tarjeta,0,0
1,40.39,4,5,0,premium,tarjeta,0,0
5,17.41,15,7,1,estandar,transferencia,0,0
5,22.62,5,2,2,estandar,efectivo,0,1
19,19.47,10,39,2,estandar,transferencia,0,1
6,8.66,16,36,0,basico,transferencia,0,0
2,23.31,11,13,1,estandar,tarjeta,0,0
8,11.42,11,13,0,basico,transferencia,1,0
9,9.34,7,31,2,basico,tarjeta,1,0
4,33.76,10,17,0,estandar,tarjeta,0,0
14,19.96,13,28,0,estandar,transferencia,0,0
16,49.84,6,13,1,premium,transferencia,0,1
3,11.35,9,11,1,basico,tarjeta,0,0
21,9.37,5,55,3,basico,efectivo,0,1
6,47.35,4,2,0,premium,transferencia,0,0
9,10.19,4,15,2,basico,tarjeta,0,0
18,8.77,4,24,0,basico,tarjeta,0,1
9,19.16,7,9,0,basico,tarjeta,1,0
5,16.22,4,16,0,estandar,tarjeta,1,1
14,44.02,9,6,2,premium,tarjeta,0,0
27,25.76,6,6,2,estandar,tarjeta,0,0
25,30.63,10,4,0,estandar,tarjeta,0,0
8,10.41,9,8,0,basico,tarjeta,0,0
6,22.64,15,1,0,basico,transferencia,0,1
7,28.04,1,21,0,estandar,transferencia,0,0
25,5.0,4,8,1,basico,tarjeta,0,0
7,6.19,2,11,1,basico,tarjeta,1,0
35,12.95,11,45,0,basico,tarjeta,0,0
18,7.42,1,16,2,basico,tarjeta,1,1
13,27.19,2,34,0,estandar,tarjeta,0,1
8,23.19,5,14,2,estandar,tarjeta,1,1
14,7.22,11,25,0,basico,tarjeta,0,0
5,21.14,10,7,0,estandar,efectivo,0,0
4,28.41,7,43,0,estandar,tarjeta,0,1
18,16.91,11,20,0,estandar,transferencia,0,0
12,49.18,5,81,2,premium,tarjeta,0,1
22,16.3,11,17,0,basico,tarjeta,0,0
16,43.67,1,8,1,premium,efectivo,0,0
8,6.38,3,67,0,basico,tarjeta,1,1
25,14.22,12,44,1,basico,transferencia,0,0
9,10.05,5,49,0,basico,efectivo,0,1
29,18.94,3,2,0,estandar,tarjeta,1,0
8,19.64,8,75,1,basico,tarjeta,0,1
4,8.46,3,11,2,basico,tarjeta,0,0
33,19.11,9,9,0,estandar,tarjeta,0,0
8,13.14,3,21,2,basico,tarjeta,0,1
9,11.73,8,49,0,basico,tarjeta,0,1
4,17.94,10,20,0,basico,efectivo,0,0
12,10.48,6,0,1,basico,transferencia,0,0
5,10.52,6,3,3,basico,tarjeta,0,0
31,13.34,12,7,0,basico,tarjeta,0,0
10,12.8,4,25,1,basico,transferencia,0,0
6,25.92,3,11,1,estandar,efectivo,0,1
13,46.09,11,68,0,premium,tarjeta,0,1
50,25.66,6,13,0,estandar,tarjeta,0,0
14,23.33,2,29,2,estandar,efectivo,0,1
11,48.33,11,2,0,premium,efectivo,0,0
13,43.56,16,38,0,premium,efectivo,0,1
22,28.22,12,9,1,estandar,tarjeta,0,1
21,50.55,7,4,0,premium,tarjeta,0,0
15,42.29,5,1,1,premium,tarjeta,1,0
25,34.62,5,6,0,estandar,tarjeta,1,0
14,22.15,14,14,1,estandar,efectivo,0,0
11,9.18,8,1,0,basico,tarjeta,0,0
13,14.16,8,64,0,basico,transferencia,0,1
8,26.77,9,7,0,estandar,efectivo,0,1
23,25.29,2,1,0,estandar,efectivo,0,0
8,15.27,2,46,1,basico,transferencia,0,1
2,26.01,4,8,0,estandar,efectivo,0,1
4,33.26,5,9,0,estandar,tarjeta,1,0
17,44.79,6,32,1,premium,tarjeta,0,0
7,8.58,5,19,1,basico,tarjeta,1,0
21,9.79,9,7,0,basico,efectivo,0,0
13,26.89,8,0,1,estandar,efectivo,0,0
23,46.94,13,54,1,premium,tarjeta,0,0
2,45.83,6,18,0,premium,tarjeta,1,0
8,41.6,3,26,0,premium,tarjeta,0,0
6,49.43,3,41,0,premium,tarjeta,0,1
56,19.75,2,4,0,basico,transferencia,0,0
9,12.12,0,6,1,basico,tarjeta,0,0
3,19.24,5,15,0,basico,transferencia,0,0
16,28.47,12,4,0,estandar,tarjeta,1,0
6,53.87,14,23,0,premium,tarjeta,0,0
24,13.89,7,8,0,basico,tarjeta,1,0
27,25.55,6,5,2,estandar,efectivo,0,0
6,15.37,7,77,1,basico,transferencia,0,1
7,10.27,8,4,0,basico,tarjeta,0,0
15,13.63,10,30,2,basico,tarjeta,0,0
25,17.32,7,46,0,basico,efectivo,0,1
16,48.28,10,51,1,premium,transferencia,0,0
9,11.88,1,30,2,basico,transferencia,0,1
4,45.8,6,0,1,premium,transferencia,0,0
37,28.03,8,22,1,estandar,efectivo,1,1
17,14.9,5,24,1,basico,tarjeta,1,0
42,15.0,17,37,0,basico,transferencia,0,0
18,46.36,5,50,0,premium,tarjeta,0,1
39,8.7,2,27,2,basico,tarjeta,0,0
7,42.34,5,14,3,premium,efectivo,1,1
7,13.84,2,1,1,basico,efectivo,0,0
11,28.33,4,14,0,estandar,tarjeta,0,0
6,47.81,1,22,1,premium,tarjeta,0,0
3,9.3,9,6,1,basico,efectivo,0,0
8,11.4,4,5,0,basico,efectivo,0,1
18,40.3,2,7,0,premium,transferencia,1,0
5,6.43,5,3,1,basico,tarjeta,0,0
5,12.33,5,44,0,basico,tarjeta,0,1
8,17.43,13,32,1,basico,efectivo,0,1
6,12.4,3,90,0,basico,transferencia,0,1
9,32.63,4,2,0,estandar,transferencia,0,0
12,24.34,15,17,0,estandar,transferencia,1,0
5,12.12,11,3,0,basico,tarjeta,0,0
8,41.04,6,10,1,premium,tarjeta,0,0
12,10.61,8,25,1,basico,transferencia,0,0
6,7.24,7,26,0,basico,tarjeta,0,0
4,18.82,15,1,0,estandar,transferencia,1,0
7,40.31,5,28,1,premium,transferencia,0,1
10,12.34,4,28,0,basico,transferencia,1,1
3,9.05,4,31,0,basico,tarjeta,0,0
18,23.0,3,34,2,estandar,transferencia,0,1
10,46.64,13,5,2,premium,tarjeta,0,0
7,5.8,7,18,0,basico,tarjeta,0,0
3,12.32,6,22,0,basico,tarjeta,0,0
17,28.39,11,31,1,estandar,tarjeta,0,1
27,15.74,8,22,1,basico,efectivo,0,0
8,14.07,2,25,0,basico,efectivo,1,1
40,11.79,14,43,2,basico,tarjeta,0,0
12,9.51,6,5,0,basico,transferencia,0,0
12,24.67,6,13,1,estandar,tarjeta,0,0
22,51.61,3,58,0,premium,transferencia,0,1
18,26.09,4,17,0,estandar,efectivo,0,1
5,24.57,0,36,2,estandar,tarjeta,0,1
8,47.25,10,71,1,premium,tarjeta,0,1
25,12.2,11,8,1,basico,tarjeta,1,0
18,12.9,7,11,0,basico,tarjeta,0,0
40,44.01,5,42,0,premium,efectivo,0,1
16,10.34,3,12,0,basico,tarjeta,0,0
18,28.98,7,15,2,estandar,tarjeta,0,1
7,17.2,7,28,2,estandar,tarjeta,0,1
27,13.91,7,8,0,basico,efectivo,0,0
1,23.09,9,10,0,estandar,tarjeta,0,1
14,5.0,8,19,0,basico,transferencia,0,0
19,8.1,1,60,1,basico,transferencia,0,1
15,24.86,3,3,1,estandar,tarjeta,0,0
12,12.41,6,8,1,basico,tarjeta,0,0
11,27.96,7,0,1,estandar,tarjeta,0,0
12,48.23,0,20,0,premium,tarjeta,0,0
5,38.81,3,3,0,premium,transferencia,0,0
15,13.51,11,2,1,basico,transferencia,0,0
7,14.91,3,2,1,basico,tarjeta,0,0
8,12.88,4,15,1,basico,tarjeta,1,0
5,14.01,9,58,0,basico,tarjeta,0,1
60,37.27,10,5,0,premium,tarjeta,0,0
14,8.04,2,3,1,basico,transferencia,0,0
4,17.46,2,2,1,basico,transferencia,0,1
13,43.88,1,86,0,premium,transferencia,1,1
27,20.89,10,36,0,basico,tarjeta,0,0
15,6.89,3,19,5,basico,tarjeta,0,1
12,18.26,7,21,0,basico,tarjeta,0,0
6,22.56,10,6,0,estandar,efectivo,0,0
15,28.45,5,72,0,estandar,transferencia,0,1
21,10.82,9,18,1,basico,efectivo,0,0
21,45.46,12,2,0,premium,tarjeta,0,0
14,47.38,8,16,2,premium,tarjeta,0,0
14,42.55,5,34,0,premium,transferencia,0,1
29,15.2,5,0,1,basico,tarjeta,0,0
27,10.94,8,6,0,basico,transferencia,0,0
11,45.71,7,2,0,premium,tarjeta,1,0
38,5.0,11,47,1,basico,efectivo,0,0
4,23.65,12,20,1,estandar,tarjeta,0,1
14,30.05,11,1,0,estandar,efectivo,0,0
16,14.78,6,6,0,basico,tarjeta,0,0
6,28.55,9,8,0,estandar,tarjeta,0,0
3,45.21,8,2,0,premium,tarjeta,0,0
6,31.71,2,14,1,estandar,tarjeta,0,1
23,13.15,5,8,0,basico,efectivo,0,0
24,42.36,5,7,0,premium,efectivo,0,0
20,28.42,7,17,1,estandar,efectivo,0,1
7,28.69,3,25,1,estandar,efectivo,1,1
24,47.52,4,0,0,premium,transferencia,0,0
7,23.39,11,2,0,estandar,tarjeta,0,0
15,13.13,6,9,1,basico,efectivo,0,0
12,17.57,11,14,1,basico,tarjeta,0,0
9,13.91,5,2,2,basico,transferencia,0,0
19,19.09,2,28,1,estandar,tarjeta,0,0
22,22.48,10,4,0,estandar,transferencia,0,0
7,22.3,9,11,0,estandar,tarjeta,0,0
13,8.98,10,68,1,basico,tarjeta,0,1
21,16.55,11,46,1,estandar,tarjeta,0,0
1,52.56,5,62,1,premium,tarjeta,0,1
17,8.49,4,23,0,basico,tarjeta,0,0
21,21.78,5,0,2,estandar,tarjeta,0,0
17,17.23,9,13,0,estandar,tarjeta,0,0
18,28.47,8,5,0,estandar,tarjeta,0,0
12,11.64,9,8,0,basico,tarjeta,1,0
20,23.6,2,9,0,estandar,transferencia,0,0
4,43.81,2,50,1,premium,tarjeta,0,1
6,27.35,5,14,0,estandar,tarjeta,0,0
17,43.08,8,5,0,premium,tarjeta,0,0
20,37.04,8,15,0,premium,tarjeta,0,0
27,6.83,5,14,0,basico,tarjeta,0,0
34,19.63,11,22,0,estandar,transferencia,0,0
7,26.1,9,14,0,estandar,tarjeta,0,0
5,48.72,4,19,1,premium,tarjeta,0,0
23,17.86,6,0,3,basico,tarjeta,0,0
9,5.46,7,19,2,basico,tarjeta,1,0
12,47.48,9,2,2,premium,tarjeta,1,0
21,9.54,7,11,0,basico,transferencia,0,0
14,36.69,7,25,1,estandar,tarjeta,1,1
20,17.53,9,5,2,basico,transferencia,0,0
7,51.81,0,22,1,premium,tarjeta,0,0
16,48.21,5,3,2,premium,tarjeta,0,0
15,13.53,13,8,0,basico,tarjeta,0,0
26,23.39,6,47,1,estandar,tarjeta,1,0
30,9.6,6,24,1,basico,tarjeta,0,0
9,21.8,4,19,3,estandar,transferencia,0,1
6,27.47,4,10,3,estandar,transferencia,1,1
21,51.24,4,1,0,premium,tarjeta,0,0
3,10.57,7,4,1,basico,tarjeta,1,0
22,9.11,9,19,0,basico,efectivo,1,0
23,19.07,11,33,0,estandar,tarjeta,1,0
8,25.98,7,28,1,estandar,tarjeta,0,0
1,29.92,5,35,2,estandar,efectivo,0,1
24,17.12,7,7,1,basico,tarjeta,0,0
32,17.51,3,21,0,basico,tarjeta,1,1
30,46.66,2,15,0,premium,tarjeta,1,0
31,12.36,3,7,1,basico,transferencia,0,0
4,17.13,6,20,1,basico,tarjeta,0,1
13,40.56,11,12,0,premium,transferencia,0,0
15,10.24,8,10,0,basico,tarjeta,1,0
14,31.84,5,15,0,estandar,tarjeta,1,0
20,7.7,5,9,0,basico,tarjeta,1,0
5,44.86,12,9,1,premium,transferencia,0,0
3,27.53,6,21,1,estandar,tarjeta,1,0
2,45.33,7,8,1,premium,transferencia,1,0
25,16.6,5,3,0,basico,tarjeta,0,0
4,31.1,6,3,1,estandar,tarjeta,0,0
14,26.92,12,2,0,estandar,tarjeta,0,0
8,17.56,3,7,0,basico,tarjeta,0,0
8,8.29,6,28,0,basico,tarjeta,0,1
11,11.37,5,33,0,basico,transferencia,1,1
9,54.62,2,19,0,premium,efectivo,0,0
3,32.77,1,90,0,estandar,transferencia,0,1
11,19.89,4,33,0,estandar,tarjeta,1,1
7,24.95,6,12,2,estandar,tarjeta,0,0
6,25.54,10,4,1,estandar,transferencia,0,0
38,26.67,6,1,0,estandar,tarjeta,0,0
4,17.1,8,10,0,basico,transferencia,0,0
11,32.36,9,17,0,estandar,efectivo,0,0
15,12.15,6,15,1,basico,tarjeta,1,1
38,49.49,7,16,0,premium,efectivo,0,0
5,47.59,5,4,1,premium,transferencia,0,0
29,11.92,6,6,0,basico,tarjeta,0,0
11,18.21,8,19,0,estandar,efectivo,1,1
11,16.07,6,14,1,basico,tarjeta,0,0
19,47.42,9,65,1,premium,tarjeta,0,1
32,46.56,5,16,1,premium,tarjeta,0,0
8,41.07,6,18,1,premium,tarjeta,0,0
15,19.84,4,37,0,basico,tarjeta,0,1
14,12.61,13,64,0,basico,efectivo,0,1
13,7.43,9,26,0,basico,tarjeta,0,0
22,6.79,3,13,2,basico,tarjeta,0,0
7,14.71,4,10,0,basico,transferencia,0,0
9,14.83,4,86,0,basico,tarjeta,0,1
3,43.15,3,20,1,premium,transferencia,0,1
18,13.85,4,9,0,basico,tarjeta,0,0
13,14.67,4,3,0,basico,efectivo,0,1
32,45.56,5,26,0,premium,transferencia,0,0
5,22.19,14,10,0,estandar,tarjeta,0,0
41,28.85,1,47,1,estandar,tarjeta,0,1
20,28.35,6,2,1,estandar,tarjeta,0,0
20,47.27,7,3,0,premium,efectivo,0,0
8,21.67,8,7,0,estandar,transferencia,0,0
10,19.68,4,6,0,estandar,tarjeta,0,0
9,25.31,3,11,1,estandar,tarjeta,1,0
28,15.72,7,5,0,basico,efectivo,0,0
2,16.16,4,0,0,basico,tarjeta,0,0
11,27.34,5,30,1,estandar,transferencia,0,0
12,10.2,6,19,0,basico,transferencia,0,0
9,21.78,5,12,0,estandar,tarjeta,0,1
6,11.93,4,35,2,basico,tarjeta,0,1
1,11.97,5,20,1,basico,tarjeta,0,1
11,16.43,6,25,0,basico,tarjeta,0,0
18,43.08,4,15,0,premium,efectivo,0,0
13,10.41,3,16,0,basico,transferencia,0,1
6,33.22,13,14,0,estandar,transferencia,1,1
12,51.2,12,32,1,premium,tarjeta,0,0
32,8.47,14,1,0,basico,tarjeta,0,0
7,30.88,12,62,3,estandar,transferencia,0,1
14,7.51,12,13,0,basico,tarjeta,0,0
16,10.26,5,41,0,basico,tarjeta,1,0
4,23.72,6,2,1,estandar,tarjeta,1,0
10,44.69,10,17,0,premium,transferencia,0,0
10,14.48,10,4,0,basico,transferencia,1,0
13,25.43,10,16,0,estandar,tarjeta,1,0
27,14.46,6,54,2,basico,efectivo,0,1
5,23.39,10,18,1,estandar,tarjeta,1,1
29,26.5,3,17,0,estandar,tarjeta,0,0
19,25.32,7,5,0,estandar,tarjeta,0,0
41,19.45,5,16,0,estandar,transferencia,0,0
2,13.93,2,20,0,basico,tarjeta,1,0
1,25.38,10,1,0,estandar,tarjeta,1,0
56,22.14,20,10,0,estandar,tarjeta,0,0
4,23.3,4,55,2,estandar,transferencia,0,1
6,10.4,7,3,0,basico,transferencia,0,0
6,11.02,2,17,0,basico,tarjeta,1,1
18,19.04,1,1,1,basico,efectivo,0,1
10,20.36,9,7,3,basico,tarjeta,0,0
7,5.0,4,0,1,basico,tarjeta,0,0
37,13.95,8,46,0,basico,tarjeta,0,1
1,28.82,6,2,1,estandar,transferencia,0,0
24,11.14,2,90,0,basico,tarjeta,0,1
12,48.71,1,1,1,premium,tarjeta,0,0
7,31.62,1,14,1,estandar,tarjeta,0,0
8,19.51,13,3,0,estandar,tarjeta,1,0
10,25.54,7,32,1,estandar,transferencia,0,1
6,32.83,14,13,0,estandar,efectivo,0,0
22,20.05,10,0,0,estandar,tarjeta,1,0
9,44.54,8,6,0,premium,transferencia,0,0
20,23.21,9,21,1,estandar,tarjeta,0,0
8,29.21,9,46,0,estandar,tarjeta,1,1
14,29.76,9,2,0,estandar,tarjeta,1,0
14,25.65,7,19,1,estandar,efectivo,1,0
13,12.13,9,25,0,basico,tarjeta,1,1
29,18.12,10,5,0,estandar,transferencia,0,0
31,30.69,4,24,1,estandar,tarjeta,0,0
21,43.59,6,12,0,premium,transferencia,1,0
25,24.43,1,10,0,estandar,tarjeta,1,0
20,28.89,2,30,0,estandar,efectivo,1,1
9,45.79,5,2,0,premium,transferencia,1,0
11,29.02,7,33,0,estandar,tarjeta,1,1
2,14.41,2,11,1,basico,transferencia,0,1
6,12.82,8,3,3,basico,transferencia,0,0
4,13.24,4,18,1,basico,tarjeta,1,0
7,7.51,12,31,1,basico,tarjeta,0,0
15,11.4,6,4,1,basico,transferencia,1,1
8,29.34,9,37,2,estandar,transferencia,0,1
22,21.41,15,1,1,estandar,tarjeta,0,0
6,9.14,8,1,0,basico,efectivo,1,0
19,21.48,11,31,1,estandar,tarjeta,1,0
5,12.61,1,90,0,basico,tarjeta,0,1
28,50.61,13,5,0,premium,tarjeta,0,0
6,14.19,10,48,0,basico,tarjeta,0,0
17,16.29,4,29,2,estandar,tarjeta,0,1
7,14.59,6,47,0,basico,tarjeta,0,1
34,23.23,9,49,0,estandar,tarjeta,0,0
33,14.04,15,5,0,basico,tarjeta,0,0
17,24.4,5,31,0,estandar,transferencia,0,0
16,8.56,6,38,2,basico,tarjeta,0,1
21,44.71,9,13,0,premium,transferencia,0,0
19,23.23,8,43,0,estandar,tarjeta,0,1
23,26.23,4,35,1,estandar,tarjeta,0,0
6,41.46,6,13,0,premium,tarjeta,0,0
13,40.5,3,10,0,premium,transferencia,1,0
8,14.93,9,2,0,basico,tarjeta,0,0
33,16.44,0,44,2,basico,tarjeta,0,1
4,14.32,5,8,0,basico,transferencia,0,0
37,9.4,8,14,0,basico,transferencia,1,0
13,22.04,4,29,0,estandar,transferencia,0,0
23,42.27,11,66,1,premium,tarjeta,0,1
8,48.56,14,80,1,premium,tarjeta,0,1
4,21.7,3,3,0,estandar,tarjeta,0,0
32,28.54,9,3,0,estandar,transferencia,0,0
18,47.55,3,15,1,premium,tarjeta,0,0
5,49.95,3,37,2,premium,tarjeta,1,0
11,16.25,11,3,0,basico,tarjeta,0,0
11,27.17,11,2,1,estandar,tarjeta,0,0
17,39.13,0,66,0,premium,transferencia,0,1
6,14.44,11,8,0,basico,tarjeta,0,0
4,12.46,12,7,0,basico,tarjeta,0,0
14,43.51,2,25,0,premium,tarjeta,0,0
6,50.45,9,5,1,premium,tarjeta,1,1
33,44.39,12,36,1,premium,tarjeta,1,0
22,22.88,6,12,1,estandar,tarjeta,0,0
21,16.5,8,4,1,basico,transferencia,0,0
2,10.38,13,31,0,basico,transferencia,1,0
9,22.68,13,24,1,estandar,efectivo,0,1
10,20.49,19,1,0,estandar,efectivo,1,0
5,21.72,12,1,0,estandar,tarjeta,0,0
19,22.06,8,23,0,estandar,tarjeta,0,0
17,14.48,6,3,0,basico,tarjeta,1,0
21,20.92,6,33,0,estandar,transferencia,0,1
25,5.0,8,30,0,basico,tarjeta,1,0
24,13.21,11,33,1,basico,tarjeta,0,1
59,9.46,6,32,0,basico,tarjeta,0,0
12,11.93,5,1,1,basico,tarjeta,0,0
11,50.13,11,13,1,premium,transferencia,0,0
19,12.29,17,16,1,basico,transferencia,0,0
28,18.04,4,6,0,basico,tarjeta,0,0
3,24.73,6,3,1,estandar,efectivo,0,0
7,29.03,4,1,2,estandar,tarjeta,0,0
8,9.81,14,41,0,basico,tarjeta,0,0
13,12.43,3,90,0,basico,tarjeta,0,1
9,8.27,14,50,1,basico,transferencia,0,1
25,21.74,10,1,0,estandar,tarjeta,0,0
15,11.1,4,0,2,basico,tarjeta,0,0
11,6.69,6,22,1,basico,efectivo,0,1
17,12.64,1,36,1,basico,tarjeta,0,1
2,23.79,6,16,1,estandar,tarjeta,1,0
17,12.94,6,37,1,basico,transferencia,0,1
6,39.75,9,1,1,premium,efectivo,1,0
22,14.81,9,18,0,basico,transferencia,1,0
2,31.79,6,14,1,estandar,efectivo,0,1
18,17.95,3,35,0,basico,tarjeta,0,1
6,19.62,7,22,0,basico,transferencia,0,1
28,12.17,1,24,1,basico,transferencia,0,0
3,43.59,1,9,2,premium,tarjeta,0,0
13,46.95,6,33,2,premium,tarjeta,1,1
20,11.05,7,17,0,basico,efectivo,0,1
16,5.04,6,18,2,basico,tarjeta,0,0
16,48.28,6,28,1,premium,tarjeta,0,0
4,24.06,3,7,0,estandar,efectivo,0,0
4,6.13,5,0,1,basico,efectivo,0,0
15,9.97,7,8,1,basico,efectivo,0,0
14,24.15,5,5,1,estandar,efectivo,1,1
5,25.05,9,12,1,estandar,tarjeta,1,1
5,25.1,1,51,0,estandar,efectivo,1,1
12,50.48,2,12,0,premium,tarjeta,1,0
9,19.85,8,14,0,estandar,transferencia,0,1
40,11.39,9,0,0,basico,tarjeta,1,0
30,21.48,14,13,0,estandar,transferencia,1,0
22,17.02,10,3,1,basico,tarjeta,0,0
32,9.75,9,17,0,basico,transferencia,0,0
7,10.62,3,74,0,basico,tarjeta,0,1
8,16.2,7,3,1,basico,tarjeta,0,0
27,30.3,3,12,0,estandar,tarjeta,0,0
13,17.89,11,43,0,basico,tarjeta,0,1
13,5.43,7,47,0,basico,transferencia,0,1
5,26.93,11,0,0,estandar,tarjeta,0,0
26,26.08,8,27,1,estandar,tarjeta,0,0
19,24.8,2,16,0,estandar,tarjeta,0,0
10,45.27,4,21,1,premium,tarjeta,1,0
8,30.14,4,13,1,estandar,transferencia,0,0
29,16.15,3,4,0,basico,tarjeta,1,0
7,28.59,0,52,2,estandar,tarjeta,0,1
3,25.83,5,20,3,estandar,tarjeta,0,1
30,21.08,9,0,0,basico,tarjeta,0,0
30,10.4,7,40,0,basico,transferencia,1,0
7,5.54,6,65,0,basico,tarjeta,1,1
46,23.94,12,17,0,estandar,tarjeta,0,0
12,12.23,7,36,0,basico,transferencia,0,0
8,17.21,1,17,1,basico,tarjeta,1,1
18,42.96,5,59,2,premium,tarjeta,0,1
4,46.96,9,4,1,premium,tarjeta,0,0
6,6.09,5,27,1,basico,efectivo,1,1
15,49.33,9,5,0,premium,tarjeta,1,0
14,12.27,11,28,1,basico,tarjeta,0,0
23,43.88,5,21,0,premium,efectivo,1,0
5,53.53,2,55,1,premium,transferencia,1,1
41,16.28,10,1,0,basico,transferencia,1,0
9,20.84,5,4,1,estandar,efectivo,0,0
13,44.56,7,17,0,premium,tarjeta,0,0
9,55.95,6,51,0,premium,transferencia,0,1
4,52.92,1,11,1,premium,transferencia,0,0
12,28.69,6,45,1,estandar,tarjeta,0,1
20,5.0,4,17,0,basico,tarjeta,0,0
11,50.33,4,14,2,premium,tarjeta,1,0
6,22.46,5,57,1,estandar,efectivo,0,1
24,30.29,16,15,0,estandar,tarjeta,0,0
24,9.11,10,23,0,basico,tarjeta,0,0
10,26.96,3,51,1,estandar,transferencia,0,1
16,9.44,9,12,0,basico,transferencia,1,0
24,23.55,7,26,0,estandar,tarjeta,0,0
20,14.49,2,4,1,basico,transferencia,0,0
16,19.72,3,36,1,estandar,tarjeta,0,1
19,54.49,5,10,2,premium,transferencia,0,0
17,20.89,12,35,0,estandar,tarjeta,0,0
13,20.67,4,1,0,estandar,tarjeta,0,0
5,14.5,6,61,1,basico,transferencia,0,1
6,50.17,4,66,2,premium,tarjeta,0,1
17,23.71,2,41,0,estandar,tarjeta,1,1
9,7.71,6,3,1,basico,tarjeta,1,0
17,8.31,8,42,1,basico,transferencia,0,1
4,7.88,5,12,1,basico,efectivo,0,0
7,26.23,0,14,1,estandar,transferencia,1,1
11,44.72,12,71,0,premium,efectivo,0,1
1,26.7,4,19,1,estandar,efectivo,1,1
6,13.46,1,90,0,basico,tarjeta,0,1
8,48.3,7,1,2,premium,tarjeta,0,0
14,10.36,0,4,2,basico,efectivo,0,1
10,42.05,15,64,1,premium,efectivo,0,1
15,12.63,15,28,1,basico,efectivo,0,0
13,24.78,10,42,0,estandar,transferencia,0,1
10,46.01,9,13,1,premium,tarjeta,0,0
8,9.15,2,2,2,basico,efectivo,0,1
13,27.57,5,7,0,estandar,efectivo,1,0
28,40.29,21,20,0,premium,transferencia,0,0
8,10.24,9,3,2,basico,efectivo,0,0
40,16.52,3,3,0,basico,tarjeta,0,0
14,20.47,2,14,1,estandar,efectivo,0,1
23,16.2,1,7,1,basico,tarjeta,1,0
16,6.36,10,13,2,basico,efectivo,0,1
18,18.66,0,60,0,estandar,tarjeta,1,1
6,19.02,10,13,1,estandar,tarjeta,0,0
9,12.47,4,52,0,basico,tarjeta,1,1
3,14.92,6,10,2,basico,tarjeta,0,0
11,50.17,4,1,4,premium,tarjeta,0,0
19,29.85,12,69,0,estandar,efectivo,0,1
11,48.45,6,27,0,premium,tarjeta,0,0
23,8.67,2,17,1,basico,efectivo,0,1
9,41.64,4,5,2,premium,tarjeta,1,0
7,28.15,0,25,3,estandar,tarjeta,1,1
8,17.69,4,41,0,basico,transferencia,0,1
20,40.88,18,15,0,premium,transferencia,0,0
34,30.18,8,32,0,estandar,tarjeta,0,0
42,5.0,5,16,1,basico,transferencia,0,0
19,13.56,5,28,0,basico,transferencia,0,1
23,24.58,2,3,1,estandar,tarjeta,0,0
3,11.18,6,79,1,basico,efectivo,0,1
4,12.13,8,64,1,basico,transferencia,0,1
6,8.59,11,2,0,basico,transferencia,0,0
29,13.78,9,5,0,basico,tarjeta,0,0
29,12.24,5,32,0,basico,tarjeta,1,0
48,28.74,1,5,0,estandar,tarjeta,0,0
6,18.36,3,4,1,basico,transferencia,0,0
12,12.51,17,2,2,basico,transferencia,0,0
3,21.73,8,11,1,estandar,tarjeta,0,0
4,7.45,3,46,0,basico,transferencia,0,1
10,31.79,6,3,1,estandar,tarjeta,0,0
6,18.28,4,3,3,basico,tarjeta,0,0
7,15.55,5,2,0,basico,efectivo,0,0
8,12.24,16,9,0,basico,tarjeta,0,0
31,28.26,10,16,0,estandar,tarjeta,0,0
26,17.22,8,37,3,basico,tarjeta,0,1
6,42.53,2,10,0,premium,tarjeta,0,0
25,12.12,16,3,0,basico,transferencia,0,0
7,20.58,7,0,1,estandar,efectivo,1,0
3,24.48,6,4,0,estandar,tarjeta,0,0
8,18.18,7,26,0,basico,tarjeta,0,0
15,29.31,2,20,1,estandar,tarjeta,0,1
6,12.54,15,6,0,basico,tarjeta,0,0
19,5.0,5,4,2,basico,tarjeta,0,1
8,9.38,9,8,1,basico,tarjeta,1,1
16,25.41,9,6,0,estandar,efectivo,0,0
5,44.14,13,2,0,premium,tarjeta,0,0
13,12.13,0,2,1,basico,tarjeta,0,1
6,25.97,9,27,0,estandar,tarjeta,1,1
10,22.87,2,35,2,estandar,transferencia,0,1
40,11.97,11,53,2,basico,tarjeta,0,1
9,24.4,10,10,0,estandar,tarjeta,0,0
4,22.19,4,55,0,estandar,transferencia,0,1
13,52.39,3,8,1,premium,tarjeta,0,0
13,43.09,6,7,2,premium,efectivo,0,1
13,5.0,8,11,0,basico,tarjeta,0,0
18,19.13,1,28,0,basico,transferencia,0,1
9,21.61,8,90,1,estandar,efectivo,0,1
19,15.6,8,60,0,basico,tarjeta,0,1
12,9.28,8,27,1,basico,transferencia,0,1
4,47.28,9,9,0,premium,tarjeta,0,0
21,11.81,6,32,1,basico,transferencia,0,0
14,29.0,9,19,0,estandar,efectivo,0,0
19,44.15,6,88,1,premium,transferencia,1,1
5,9.38,4,13,0,basico,efectivo,0,0
22,26.03,9,26,0,estandar,tarjeta,0,0
47,43.47,10,15,0,premium,tarjeta,0,0
4,17.28,5,45,1,estandar,tarjeta,0,1
24,9.59,12,4,0,basico,transferencia,0,0
14,23.48,7,56,1,basico,efectivo,1,1
12,37.71,9,3,0,premium,transferencia,0,0
22,12.96,13,5,0,basico,tarjeta,1,0
20,24.03,5,25,0,estandar,tarjeta,0,0
28,19.35,1,60,2,basico,transferencia,0,0
5,7.56,6,74,0,basico,efectivo,1,1
29,45.41,6,18,1,premium,tarjeta,0,0
16,27.74,0,37,1,estandar,tarjeta,0,1
3,44.28,14,1,0,premium,tarjeta,0,0
9,8.93,6,27,0,basico,tarjeta,0,1
14,24.91,7,8,0,estandar,efectivo,0,0
9,43.76,8,15,1,premium,tarjeta,0,0
11,10.75,7,2,1,basico,tarjeta,0,0
8,15.72,12,11,0,basico,tarjeta,1,0
60,46.61,13,16,0,premium,tarjeta,0,0
19,14.21,9,20,1,basico,efectivo,0,0
13,26.32,7,53,0,estandar,tarjeta,0,1
5,48.84,8,13,2,premium,tarjeta,1,0
28,17.22,10,19,0,basico,tarjeta,1,0
18,10.85,6,54,1,basico,efectivo,0,1
6,15.28,3,9,3,basico,efectivo,0,1
6,6.82,7,90,2,basico,tarjeta,0,1
11,5.0,6,13,2,basico,transferencia,0,0
13,32.31,10,26,1,estandar,tarjeta,0,1
19,10.67,8,7,1,basico,tarjeta,1,0
12,26.01,3,59,0,estandar,tarjeta,0,1
20,7.1,7,18,0,basico,transferencia,1,0
9,6.91,4,18,1,basico,efectivo,0,1
12,9.15,7,0,0,basico,tarjeta,1,0
29,27.57,4,33,2,estandar,tarjeta,0,0
21,22.93,11,29,0,estandar,tarjeta,1,1
12,10.66,10,3,0,basico,tarjeta,0,0
16,42.02,7,57,0,premium,tarjeta,0,0
12,29.66,4,17,2,estandar,tarjeta,0,0
4,15.47,5,39,2,basico,efectivo,0,1
35,43.06,11,16,0,premium,tarjeta,0,0
6,14.74,4,37,0,basico,efectivo,1,1
9,11.02,6,16,1,basico,tarjeta,0,0
56,23.65,11,30,0,estandar,tarjeta,1,0
5,11.8,3,16,3,basico,tarjeta,0,1
11,14.57,12,0,1,basico,efectivo,0,0
30,21.43,4,55,0,estandar,tarjeta,0,1
40,14.01,7,2,1,basico,tarjeta,0,0
18,54.99,8,1,1,premium,transferencia,0,0
28,45.73,10,5,0,premium,transferencia,0,0
11,25.14,3,27,1,estandar,transferencia,0,1
1,24.66,9,4,0,estandar,tarjeta,0,0
27,26.91,1,5,1,estandar,tarjeta,0,0
12,38.56,4,26,0,premium,transferencia,0,0
10,18.8,6,31,0,basico,transferencia,0,1
9,15.92,3,53,0,basico,transferencia,0,1
20,22.42,4,40,3,estandar,tarjeta,0,1
20,25.13,7,5,1,estandar,tarjeta,0,0
13,9.77,1,5,2,basico,efectivo,1,1
17,26.2,13,6,0,estandar,transferencia,0,0
5,12.25,8,2,1,basico,tarjeta,1,0
11,45.91,10,4,0,premium,efectivo,0,0
5,7.89,7,16,0,basico,tarjeta,1,0
5,10.07,0,27,0,basico,tarjeta,1,0
16,16.58,7,7,0,basico,tarjeta,0,0
13,9.86,17,0,0,basico,transferencia,0,0
9,5.0,9,26,0,basico,tarjeta,0,0
10,11.4,10,8,1,basico,tarjeta,0,0
17,21.65,4,6,0,basico,transferencia,0,1
20,15.4,5,49,0,basico,tarjeta,1,0
18,9.66,1,15,1,basico,efectivo,1,0
3,11.8,4,7,1,basico,tarjeta,0,0
1,14.72,9,29,0,basico,tarjeta,0,0
7,5.0,6,23,0,basico,transferencia,0,0
1,8.58,1,8,1,basico,transferencia,0,0
32,13.59,15,73,0,basico,tarjeta,0,1
10,18.38,9,27,0,basico,transferencia,0,0
4,23.24,6,1,0,estandar,efectivo,0,0
10,51.27,8,22,0,premium,transferencia,0,0
2,41.98,0,7,3,premium,transferencia,1,1
4,11.46,12,19,2,estandar,tarjeta,0,1
9,27.98,9,45,0,estandar,tarjeta,0,0
8,14.16,8,14,1,basico,tarjeta,0,0
9,27.94,5,24,0,estandar,tarjeta,1,1
17,27.79,1,6,0,estandar,transferencia,0,0
24,45.77,4,20,3,premium,tarjeta,0,1
14,43.96,6,9,0,premium,tarjeta,0,0
25,11.12,6,40,0,basico,tarjeta,0,0
8,23.16,2,18,0,estandar,tarjeta,0,0
27,43.4,6,5,0,premium,tarjeta,0,0
14,5.0,8,27,0,basico,transferencia,0,0
22,40.14,11,39,1,premium,tarjeta,0,0
9,11.35,11,8,0,basico,tarjeta,0,0
13,36.04,6,34,0,premium,tarjeta,0,0
43,16.97,21,28,0,estandar,transferencia,0,0
13,10.66,4,82,1,basico,tarjeta,1,1
24,24.49,9,14,1,estandar,tarjeta,0,0
25,10.75,15,2,0,basico,tarjeta,0,0
19,15.48,9,29,2,estandar,tarjeta,1,1
21,31.21,13,22,0,estandar,efectivo,0,0
9,19.26,11,9,0,estandar,transferencia,0,0
7,41.73,4,8,1,premium,efectivo,1,0
5,6.95,7,1,0,basico,efectivo,0,0
17,17.2,8,21,0,basico,tarjeta,0,0
13,13.69,1,10,1,basico,tarjeta,0,0
16,10.11,7,10,0,basico,tarjeta,0,0
5,9.83,4,3,0,basico,tarjeta,0,0
7,12.72,11,28,0,basico,tarjeta,0,0
23,7.01,11,59,0,basico,tarjeta,1,1
14,13.52,13,2,0,basico,tarjeta,0,0
14,42.81,6,14,0,premium,tarjeta,0,0
11,14.08,4,15,0,basico,transferencia,1,0
7,46.94,9,45,0,premium,transferencia,0,1
27,9.63,4,6,1,basico,efectivo,0,0
30,5.0,9,32,0,basico,tarjeta,0,0
13,24.01,12,18,0,estandar,tarjeta,0,0
12,6.2,4,47,0,basico,efectivo,1,1
32,12.31,12,14,1,basico,transferencia,0,0
8,23.97,2,15,0,estandar,tarjeta,0,0
9,9.65,3,35,0,basico,tarjeta,0,0
22,6.82,1,4,1,basico,tarjeta,0,0
9,29.75,6,0,0,estandar,efectivo,1,0
13,10.19,10,12,1,basico,transferencia,0,0
2,54.41,8,72,1,premium,tarjeta,0,1
31,12.14,11,1,1,basico,tarjeta,0,0
21,46.41,9,24,0,premium,tarjeta,0,0
26,25.16,7,17,1,estandar,tarjeta,1,0
6,46.37,0,14,1,premium,transferencia,0,1
35,49.37,11,25,1,premium,tarjeta,0,0
12,16.42,8,27,0,basico,tarjeta,0,0
28,17.93,10,11,0,estandar,tarjeta,0,0
16,15.42,12,2,1,basico,efectivo,0,0
22,46.99,9,84,0,premium,tarjeta,1,1
17,25.14,8,2,0,estandar,tarjeta,0,0
9,18.85,7,23,0,basico,transferencia,0,0
3,52.01,13,12,0,premium,transferencia,0,0
29,15.62,2,5,0,basico,transferencia,0,0
1,22.83,6,19,2,estandar,efectivo,0,1
23,20.23,7,19,0,estandar,tarjeta,1,0
29,15.02,6,23,1,basico,efectivo,0,0
4,30.44,7,4,2,estandar,efectivo,0,1
9,36.89,2,12,0,premium,tarjeta,1,0
4,16.35,5,5,0,basico,transferencia,0,0
8,23.98,6,0,1,estandar,tarjeta,0,0
26,5.0,4,5,1,basico,tarjeta,0,0
22,26.88,14,8,1,estandar,tarjeta,0,0
20,15.64,5,19,0,basico,tarjeta,0,0
9,43.59,8,11,0,premium,efectivo,0,1
1,40.77,2,12,0,premium,tarjeta,1,1
4,18.85,2,4,1,basico,tarjeta,0,0
11,9.33,11,2,0,basico,tarjeta,0,0
5,29.64,1,1,0,estandar,tarjeta,0,0
24,18.95,8,19,2,estandar,tarjeta,0,0
36,13.66,4,4,3,basico,tarjeta,1,0
16,13.55,2,77,0,basico,transferencia,0,1
4,15.49,7,4,1,basico,efectivo,0,0
30,50.97,5,12,1,premium,tarjeta,0,0
14,21.75,7,10,0,estandar,efectivo,0,0
13,47.08,5,1,0,premium,transferencia,1,0
19,19.53,6,27,0,estandar,transferencia,0,0
5,39.49,7,19,0,premium,tarjeta,0,0
9,9.69,0,21,1,basico,tarjeta,0,0
12,13.64,6,6,0,basico,efectivo,0,0
15,51.71,0,10,0,premium,tarjeta,0,0
16,52.44,9,1,0,premium,tarjeta,0,0
19,10.58,6,25,0,basico,transferencia,0,0
8,13.22,12,18,0,basico,tarjeta,1,0
3,28.77,1,17,0,estandar,transferencia,0,1
11,15.06,9,2,1,basico,tarjeta,0,0
12,11.32,5,33,0,basico,efectivo,0,1
2,45.3,11,14,0,premium,tarjeta,0,0
8,11.56,3,26,0,basico,tarjeta,0,0
14,24.17,11,9,0,estandar,transferencia,0,0
9,10.63,12,0,0,basico,tarjeta,1,0
14,11.52,7,20,0,basico,efectivo,0,0
8,23.38,2,37,1,estandar,transferencia,0,1
20,7.46,11,14,1,basico,tarjeta,0,0
6,28.45,6,1,1,estandar,tarjeta,1,0
13,14.07,15,66,0,basico,efectivo,0,1
13,52.51,3,6,0,premium,transferencia,1,0
23,26.48,11,90,0,estandar,efectivo,0,1
10,43.33,11,19,1,premium,tarjeta,0,0
36,9.49,6,36,1,basico,efectivo,1,1
35,12.19,3,9,3,basico,tarjeta,0,0
6,14.21,5,14,1,basico,transferencia,0,0
12,24.02,16,15,0,estandar,tarjeta,0,0
4,6.12,7,1,2,basico,tarjeta,0,0
18,9.04,10,31,1,basico,efectivo,0,0
9,12.07,1,35,2,basico,efectivo,0,1
14,14.96,2,1,0,basico,tarjeta,0,0
10,6.06,10,1,1,basico,efectivo,0,0
60,13.06,11,11,0,basico,tarjeta,0,0
11,12.88,4,12,1,basico,tarjeta,0,0
11,23.19,2,53,0,estandar,tarjeta,0,1
24,9.65,12,0,0,basico,tarjeta,0,0
26,9.05,5,2,0,basico,tarjeta,0,0
15,25.56,8,5,1,estandar,tarjeta,0,0
27,29.51,10,9,1,estandar,tarjeta,1,0
54,16.79,16,14,1,basico,transferencia,0,0
10,20.5,14,11,2,estandar,transferencia,1,0
5,44.25,6,43,1,premium,transferencia,1,1
17,16.23,7,20,1,estandar,tarjeta,0,1
25,45.44,1,9,3,premium,transferencia,0,0
34,27.39,9,3,0,estandar,tarjeta,0,0
19,18.28,11,48,0,basico,transferencia,0,1
13,5.0,11,15,1,basico,tarjeta,0,1
7,20.65,6,38,0,estandar,tarjeta,0,1
29,45.58,4,5,0,premium,tarjeta,0,0
16,18.53,1,56,4,estandar,transferencia,0,1
3,12.69,4,12,2,basico,efectivo,0,1
43,27.49,9,31,0,estandar,transferencia,0,0
5,6.87,9,1,0,basico,efectivo,0,0
25,25.53,6,53,0,estandar,efectivo,0,1
15,20.15,8,46,0,estandar,tarjeta,0,1
3,30.5,8,12,1,estandar,transferencia,0,0
12,45.83,13,9,0,premium,tarjeta,0,0
10,22.44,2,7,0,estandar,tarjeta,0,0
4,20.05,0,19,1,estandar,tarjeta,0,0
18,26.56,7,57,0,estandar,efectivo,0,1
23,50.43,5,9,0,premium,transferencia,0,0
12,41.91,2,3,1,premium,tarjeta,0,1
10,10.24,0,9,2,basico,tarjeta,0,0
19,21.99,9,13,0,estandar,tarjeta,0,0
1,18.22,6,6,0,basico,transferencia,0,0
9,37.37,12,22,0,premium,efectivo,0,0
10,30.14,5,21,0,estandar,tarjeta,0,0
13,10.49,6,5,0,basico,tarjeta,1,0
3,11.71,1,4,1,basico,tarjeta,0,1
2,10.64,9,12,2,basico,tarjeta,0,0
5,25.96,1,26,0,estandar,tarjeta,1,0
17,9.08,4,2,0,basico,tarjeta,0,0
9,16.23,8,16,2,basico,tarjeta,1,1
5,49.4,6,11,1,premium,tarjeta,1,0
39,21.07,9,66,0,estandar,efectivo,0,1
10,14.67,3,60,1,basico,tarjeta,0,1
13,10.57,6,14,1,basico,tarjeta,1,0
29,45.21,7,10,1,premium,transferencia,1,0
14,31.1,10,28,2,estandar,efectivo,0,0
18,22.3,11,7,0,estandar,tarjeta,1,0
7,15.71,11,7,1,basico,tarjeta,0,0
13,13.83,16,11,0,basico,transferencia,0,0
36,11.22,10,8,1,basico,tarjeta,1,0
17,26.47,9,38,0,estandar,transferencia,0,1
15,12.99,8,21,0,basico,tarjeta,0,0
11,7.37,7,2,2,basico,tarjeta,0,0
4,22.57,6,9,4,estandar,tarjeta,0,1
27,40.82,5,44,1,premium,transferencia,0,1
12,23.89,3,26,2,estandar,tarjeta,1,1
7,30.38,6,17,0,estandar,tarjeta,0,0
4,27.32,7,22,0,estandar,tarjeta,0,0
16,6.27,0,23,0,basico,transferencia,0,0
5,10.91,5,65,0,basico,tarjeta,0,1
27,25.93,3,73,2,estandar,transferencia,0,1
8,14.98,11,23,0,basico,transferencia,0,1
13,22.4,7,9,0,estandar,tarjeta,0,0
17,40.05,0,2,0,premium,efectivo,1,0
15,44.77,16,1,2,premium,efectivo,1,0
23,14.28,0,50,0,basico,tarjeta,0,1
8,12.94,9,26,1,basico,tarjeta,0,0
13,8.46,5,9,0,basico,tarjeta,0,0
19,19.02,14,13,0,basico,tarjeta,0,0
34,11.6,6,33,0,basico,tarjeta,0,0
22,12.77,8,18,1,basico,efectivo,1,1
25,22.35,13,7,0,estandar,efectivo,1,0
10,29.43,5,18,0,estandar,tarjeta,1,1
17,47.29,8,7,0,premium,tarjeta,0,0
31,13.26,12,9,0,basico,tarjeta,1,0
12,7.39,7,5,1,basico,tarjeta,0,0
17,16.38,8,8,1,basico,tarjeta,1,0
3,15.03,5,6,0,basico,efectivo,0,0
20,16.06,1,26,1,basico,efectivo,0,1
15,45.15,7,20,1,premium,tarjeta,0,0
19,11.7,1,57,1,basico,transferencia,0,1
10,11.27,8,44,0,basico,tarjeta,0,1
2,34.12,2,26,0,estandar,transferencia,0,1
21,22.83,5,64,0,estandar,tarjeta,0,1
7,20.26,2,3,0,estandar,tarjeta,0,0
3,10.51,2,32,3,basico,transferencia,0,1
14,42.87,6,48,2,premium,tarjeta,1,1
37,17.04,3,13,0,basico,tarjeta,0,0
6,6.58,7,41,1,basico,tarjeta,0,1
8,22.75,5,8,1,estandar,transferencia,0,0
22,45.76,10,11,1,premium,transferencia,0,0
11,17.07,9,19,1,basico,tarjeta,0,0
21,27.85,2,60,1,estandar,tarjeta,0,1
10,18.48,1,68,1,basico,transferencia,0,1
9,13.38,22,27,0,basico,tarjeta,1,0
7,11.19,15,2,0,basico,tarjeta,0,0
16,28.42,10,32,1,estandar,transferencia,1,1
7,6.53,2,90,0,basico,tarjeta,0,1
9,18.16,11,16,2,estandar,transferencia,0,0
27,15.91,4,18,1,basico,tarjeta,0,1
47,45.84,7,15,1,premium,transferencia,0,0
17,48.86,6,19,1,premium,tarjeta,1,0
27,8.59,12,7,0,basico,tarjeta,0,0
10,17.14,7,78,1,basico,tarjeta,1,1
11,14.68,3,5,0,basico,efectivo,0,0
15,44.88,6,15,0,premium,efectivo,0,0
7,12.83,2,22,0,basico,transferencia,0,0
9,26.39,0,17,0,estandar,tarjeta,0,0
20,8.57,3,5,1,basico,tarjeta,0,0
13,23.46,5,33,0,estandar,transferencia,0,1
12,26.32,10,38,0,estandar,transferencia,0,0
11,23.3,6,4,0,estandar,tarjeta,0,0
5,39.12,12,35,0,premium,efectivo,0,1
14,13.18,7,16,2,basico,tarjeta,0,1
7,48.34,3,4,0,premium,tarjeta,0,0
3,16.27,10,15,0,basico,efectivo,0,0
5,27.13,12,10,0,estandar,tarjeta,0,0
11,48.27,3,5,0,premium,tarjeta,0,0
19,28.95,6,5,0,estandar,tarjeta,0,0
23,25.32,4,30,0,estandar,efectivo,0,1
4,5.0,0,42,2,basico,tarjeta,1,1
18,16.64,6,16,0,basico,transferencia,1,0
38,8.43,6,17,2,basico,tarjeta,1,1
24,20.48,5,60,0,estandar,tarjeta,1,1
14,20.59,3,2,2,estandar,tarjeta,0,0
15,21.94,9,1,0,basico,tarjeta,0,0
14,13.76,4,30,3,basico,tarjeta,0,1
9,7.83,8,1,0,basico,tarjeta,0,0
24,9.27,15,10,0,basico,transferencia,0,0
6,12.0,10,2,0,basico,tarjeta,1,0
15,47.17,5,17,0,premium,transferencia,1,0
3,26.12,3,3,1,estandar,transferencia,0,0
26,8.29,10,8,0,basico,tarjeta,0,0
14,26.27,10,36,2,estandar,tarjeta,0,1
4,42.56,5,0,2,premium,tarjeta,0,0
32,16.19,9,4,0,basico,tarjeta,0,0
12,12.23,4,20,1,basico,tarjeta,0,0
4,8.96,16,31,1,basico,tarjeta,0,1
40,14.76,9,23,2,basico,tarjeta,0,0
10,26.53,1,35,0,estandar,tarjeta,0,1
7,43.1,5,47,0,premium,efectivo,0,1
15,14.92,5,8,0,basico,tarjeta,0,0
5,27.52,0,3,1,estandar,tarjeta,1,0
9,16.81,6,15,2,basico,tarjeta,1,0
29,27.84,1,14,3,estandar,transferencia,0,1
11,24.14,5,20,0,estandar,tarjeta,0,0
17,5.24,5,9,0,basico,tarjeta,0,0
30,12.75,11,12,0,basico,transferencia,0,0
10,26.37,3,3,0,estandar,tarjeta,0,0
7,45.2,4,90,4,premium,tarjeta,1,1
20,5.0,10,18,2,basico,tarjeta,0,1
4,14.72,11,19,0,basico,transferencia,0,0
6,8.35,3,90,0,basico,efectivo,0,1
3,27.74,4,9,0,estandar,transferencia,0,0
29,31.8,14,34,0,estandar,tarjeta,0,0
13,23.99,0,14,0,estandar,tarjeta,0,1
20,26.75,9,51,2,estandar,tarjeta,0,1
6,45.13,0,2,1,premium,transferencia,0,0
17,47.1,15,7,0,premium,efectivo,0,0
17,12.41,4,6,0,basico,transferencia,0,0
40,22.93,12,4,0,estandar,tarjeta,0,0
19,8.38,13,7,0,basico,transferencia,0,0
23,18.36,12,12,0,basico,efectivo,0,0
14,46.75,6,4,0,premium,transferencia,0,0
1,28.32,3,45,0,estandar,transferencia,0,0
16,46.6,9,13,1,premium,tarjeta,0,0
11,15.9,4,18,2,basico,transferencia,0,0
11,21.42,9,5,0,estandar,tarjeta,0,0
9,25.33,14,18,0,estandar,tarjeta,1,0
11,14.02,18,3,1,basico,transferencia,0,0
8,17.17,5,30,0,basico,efectivo,0,1
21,35.69,5,14,0,estandar,efectivo,0,0
5,13.63,3,2,2,basico,tarjeta,0,0
37,42.36,9,5,0,premium,tarjeta,0,0
20,7.22,7,15,0,basico,tarjeta,0,0
25,8.38,11,7,1,basico,transferencia,0,0
6,21.9,3,23,1,estandar,transferencia,0,1
8,5.0,15,7,0,basico,efectivo,1,0
14,42.3,14,28,1,premium,tarjeta,1,0
13,27.87,7,23,2,estandar,tarjeta,0,1
20,12.3,4,17,0,basico,transferencia,0,0
13,23.97,2,35,2,estandar,tarjeta,0,1
38,18.51,7,4,0,estandar,efectivo,0,0
6,29.2,9,16,0,estandar,tarjeta,1,1
5,47.05,3,36,0,premium,tarjeta,0,1
8,24.95,5,12,0,estandar,tarjeta,0,0
11,16.19,16,6,0,estandar,efectivo,0,0
27,10.04,13,6,1,basico,transferencia,1,0
17,26.73,9,15,0,estandar,transferencia,0,0
1,44.89,3,20,1,premium,transferencia,0,0
1,25.77,14,7,2,estandar,tarjeta,0,0
12,27.74,6,43,5,estandar,transferencia,1,1
9,12.62,9,4,0,basico,efectivo,0,0
12,27.6,6,3,1,estandar,tarjeta,1,1
11,41.63,6,34,0,premium,transferencia,0,0
34,7.11,10,15,0,basico,tarjeta,0,0
24,13.91,9,25,1,basico,tarjeta,0,0
8,27.73,20,15,0,estandar,tarjeta,0,0
13,27.08,7,0,1,estandar,efectivo,0,0
10,25.53,10,7,0,estandar,tarjeta,0,0
2,10.7,5,11,1,basico,tarjeta,0,0
9,12.84,10,18,1,basico,transferencia,0,1
9,26.52,0,38,0,estandar,tarjeta,0,1
7,26.76,18,2,0,estandar,transferencia,0,0
9,35.43,7,38,0,estandar,efectivo,0,1
10,21.32,4,26,2,estandar,tarjeta,1,1
17,37.9,6,4,0,estandar,tarjeta,0,0
8,19.97,6,19,0,estandar,efectivo,0,0
29,26.54,1,6,1,estandar,tarjeta,0,0
6,20.22,1,50,1,estandar,tarjeta,0,1
26,26.22,18,18,0,estandar,efectivo,0,0
16,15.93,4,8,1,basico,efectivo,1,1
5,12.13,1,1,0,basico,transferencia,1,0
10,28.89,5,90,1,estandar,tarjeta,0,1
35,43.31,13,4,0,premium,efectivo,0,0
6,16.8,9,33,0,estandar,transferencia,0,1
36,14.51,10,0,0,basico,transferencia,1,0
18,25.12,7,18,1,estandar,transferencia,1,1
16,10.08,3,23,1,basico,transferencia,0,0
17,23.36,6,15,1,estandar,tarjeta,0,0
10,46.63,13,1,0,premium,tarjeta,1,0
6,21.74,6,56,1,estandar,tarjeta,0,0
13,26.5,11,2,0,estandar,tarjeta,0,0
16,16.75,8,11,0,basico,tarjeta,0,0
18,20.24,8,7,0,basico,tarjeta,0,0
18,50.62,20,19,0,premium,transferencia,0,0
21,25.65,7,1,1,estandar,tarjeta,0,0
45,26.03,10,16,0,estandar,tarjeta,0,1
15,10.4,4,10,1,basico,tarjeta,0,0
28,10.14,3,59,1,basico,tarjeta,0,1
19,15.49,1,4,1,basico,transferencia,0,0
48,10.77,7,39,0,basico,tarjeta,0,0
14,13.46,10,17,0,basico,tarjeta,0,0
13,41.15,5,13,0,premium,transferencia,0,1
27,30.48,8,7,1,estandar,tarjeta,1,0
27,10.71,2,3,0,basico,tarjeta,0,0
11,16.35,3,35,0,basico,transferencia,0,1
18,9.18,5,19,0,basico,tarjeta,0,1
21,41.97,3,22,0,premium,transferencia,1,0
20,17.31,6,7,0,basico,transferencia,0,0
17,22.5,11,5,0,estandar,efectivo,0,0
3,38.73,10,11,0,premium,tarjeta,0,0
21,7.84,19,5,0,basico,transferencia,0,0
21,28.43,11,23,3,estandar,transferencia,0,0
18,48.04,1,71,0,premium,tarjeta,0,1
10,8.95,9,17,1,basico,efectivo,0,1
33,9.47,8,29,0,basico,tarjeta,0,0
6,47.69,7,1,0,premium,efectivo,0,0
28,50.26,3,90,0,premium,transferencia,0,1
6,24.72,15,17,0,estandar,tarjeta,0,1
25,27.22,0,18,1,estandar,tarjeta,0,1
6,15.49,11,12,0,basico,efectivo,0,0
24,53.61,10,52,0,premium,tarjeta,0,1
38,20.38,2,2,0,estandar,tarjeta,1,0
38,9.33,17,2,0,basico,tarjeta,0,0
33,22.97,2,42,0,estandar,transferencia,0,0
14,48.31,1,30,1,premium,tarjeta,0,0
8,43.99,6,19,0,premium,tarjeta,0,0
12,13.25,8,5,0,basico,transferencia,0,0
26,12.49,15,2,1,basico,tarjeta,1,0
20,45.01,11,12,3,premium,tarjeta,0,0
51,45.43,1,6,1,premium,tarjeta,0,0
9,29.12,13,31,0,estandar,efectivo,0,1
40,21.12,13,2,0,estandar,efectivo,0,0
13,24.41,0,57,0,estandar,tarjeta,0,1
6,7.14,8,21,1,basico,tarjeta,0,0
17,12.91,5,44,0,basico,tarjeta,0,1
20,11.22,4,12,1,basico,efectivo,0,1
31,16.28,6,22,0,basico,tarjeta,0,0
9,44.98,8,41,1,premium,tarjeta,0,0
17,10.22,6,50,0,basico,efectivo,1,1
14,11.01,9,43,0,basico,tarjeta,0,1
11,31.89,6,6,0,estandar,tarjeta,0,0
37,5.72,4,90,0,basico,tarjeta,1,1
20,9.49,6,6,1,basico,transferencia,0,0
2,25.14,8,1,0,estandar,tarjeta,0,0
17,9.45,7,8,1,basico,efectivo,0,0
3,26.96,7,21,0,estandar,tarjeta,1,1
16,44.77,11,28,1,premium,tarjeta,0,0
4,13.02,10,38,0,basico,transferencia,0,0
20,45.47,6,36,0,premium,transferencia,0,0
3,44.59,7,44,0,premium,transferencia,0,0
6,39.84,6,3,0,premium,transferencia,0,0
24,25.7,11,24,1,estandar,tarjeta,0,1
14,17.95,3,4,0,estandar,transferencia,0,0
4,22.31,1,5,1,estandar,tarjeta,0,0
35,26.96,7,10,0,estandar,tarjeta,1,0
10,16.76,4,15,1,basico,efectivo,0,1
11,54.4,0,1,1,premium,transferencia,1,1
12,23.29,6,45,1,estandar,tarjeta,0,1
21,21.54,7,16,0,estandar,tarjeta,0,0
11,14.09,12,1,0,basico,efectivo,0,0
13,19.48,10,28,0,basico,tarjeta,0,0
29,31.13,5,19,0,estandar,tarjeta,0,0
27,20.86,13,9,0,estandar,tarjeta,0,0
12,11.44,6,18,0,basico,tarjeta,0,0
12,15.4,6,5,0,basico,tarjeta,0,0
1,15.68,4,15,1,basico,efectivo,0,1
16,27.37,4,25,0,estandar,tarjeta,1,1
24,10.21,5,30,2,basico,tarjeta,0,0
10,47.33,7,16,0,premium,transferencia,0,0
32,15.72,9,17,0,basico,tarjeta,0,0
3,8.27,2,17,0,basico,transferencia,1,1
7,17.32,3,11,0,basico,transferencia,0,0
30,28.97,4,10,2,estandar,transferencia,0,0
23,22.03,7,24,0,estandar,transferencia,0,0
3,28.7,6,8,0,estandar,transferencia,0,0
3,48.25,4,6,2,premium,transferencia,0,1
21,15.4,15,23,0,basico,transferencia,1,0
18,31.3,9,1,2,estandar,tarjeta,0,0
11,11.96,11,18,2,basico,transferencia,0,0
31,13.33,9,2,0,basico,transferencia,0,0
8,14.45,6,18,1,estandar,tarjeta,1,0
2,16.46,2,38,0,basico,efectivo,0,1
21,29.08,8,32,0,estandar,tarjeta,0,0
25,30.42,6,15,2,estandar,tarjeta,0,1
9,21.25,6,5,0,estandar,efectivo,1,0
5,28.85,6,3,2,estandar,tarjeta,0,0
2,29.07,4,23,1,estandar,tarjeta,0,1
13,9.4,7,51,2,basico,tarjeta,0,1
17,16.22,5,15,0,basico,efectivo,0,0
26,13.85,7,3,1,basico,tarjeta,0,0
18,18.21,5,29,1,estandar,transferencia,0,1
9,47.34,4,26,0,premium,transferencia,0,0
16,8.93,2,63,0,basico,transferencia,0,1
27,18.3,5,90,0,estandar,efectivo,0,1
17,26.47,4,3,0,estandar,transferencia,0,0
24,44.74,7,14,2,premium,tarjeta,1,0
5,30.62,2,34,0,estandar,efectivo,1,1
21,25.73,15,15,0,estandar,tarjeta,0,0
18,28.11,2,20,0,estandar,tarjeta,0,0
11,47.04,0,2,2,premium,tarjeta,0,0
27,16.08,10,5,0,basico,transferencia,0,0
45,41.45,6,8,1,premium,tarjeta,0,0
3,12.79,6,9,0,basico,tarjeta,0,0
11,44.44,4,37,1,premium,tarjeta,1,1
13,14.61,7,10,1,basico,tarjeta,0,0
14,13.02,8,16,0,basico,tarjeta,0,0
8,9.54,7,37,0,basico,transferencia,0,1
3,10.65,6,9,1,basico,tarjeta,0,0
11,18.59,0,13,2,basico,tarjeta,1,1
13,5.22,2,7,0,basico,tarjeta,0,0
11,27.84,5,1,1,estandar,tarjeta,0,0
13,16.97,0,27,1,basico,transferencia,1,1
16,27.32,2,38,2,estandar,tarjeta,0,1
12,52.88,1,3,0,premium,tarjeta,0,0
8,28.75,4,13,0,estandar,efectivo,0,1
13,13.54,4,19,1,basico,tarjeta,0,0
17,10.13,9,10,0,basico,tarjeta,1,0
14,46.61,4,3,0,premium,transferencia,0,0
47,14.73,8,25,2,basico,transferencia,0,0
18,12.01,14,2,0,basico,transferencia,1,0
14,42.03,14,2,0,premium,tarjeta,0,0
7,40.18,2,6,2,premium,tarjeta,1,1
7,12.74,15,19,0,basico,tarjeta,1,0
11,19.08,3,41,1,estandar,tarjeta,0,1
11,23.11,6,20,0,estandar,tarjeta,0,0
11,15.27,11,47,1,estandar,efectivo,0,1
18,15.33,5,90,0,basico,transferencia,0,1
27,16.62,6,3,2,basico,tarjeta,0,1
22,25.32,3,3,1,estandar,tarjeta,0,0
20,19.33,17,8,1,basico,transferencia,0,0
7,30.39,4,41,2,estandar,tarjeta,0,1
29,13.92,8,40,1,basico,tarjeta,0,0
7,44.55,7,0,1,premium,tarjeta,0,0
16,43.6,2,8,5,premium,transferencia,1,1
19,27.25,6,6,1,estandar,transferencia,1,0
30,24.44,10,4,0,estandar,tarjeta,0,0
41,14.19,9,13,1,basico,tarjeta,0,0
10,27.49,4,69,2,estandar,transferencia,0,1
15,11.08,6,1,2,basico,tarjeta,1,0
28,49.38,8,12,0,premium,transferencia,1,0
43,44.09,13,3,0,premium,tarjeta,0,0
11,45.09,14,14,0,premium,transferencia,0,0
7,41.09,9,11,0,premium,efectivo,0,0
4,43.92,7,10,2,premium,transferencia,0,1
3,20.63,12,4,2,basico,tarjeta,1,0
8,41.4,6,25,1,premium,transferencia,0,0
24,26.75,12,4,0,estandar,tarjeta,1,0
25,10.18,3,27,1,basico,tarjeta,0,1
18,16.14,6,6,0,estandar,tarjeta,1,0
11,14.24,3,30,0,basico,efectivo,0,1
18,9.78,4,3,0,basico,tarjeta,0,0
14,13.28,6,12,0,basico,efectivo,0,0
11,15.96,7,20,1,basico,tarjeta,1,1
17,25.94,6,0,0,estandar,tarjeta,0,0
10,46.31,0,3,0,premium,tarjeta,0,0
17,21.53,8,35,0,estandar,transferencia,0,0
19,27.83,2,4,0,estandar,tarjeta,1,1
22,11.24,9,5,0,basico,tarjeta,0,0
3,17.01,3,0,2,estandar,tarjeta,1,0
29,15.31,5,12,1,basico,tarjeta,1,0
13,49.53,9,4,1,premium,tarjeta,0,0
42,17.92,15,46,0,basico,tarjeta,0,0
25,33.68,9,1,0,estandar,tarjeta,0,0
7,28.09,7,86,1,estandar,efectivo,0,1
20,27.06,7,6,0,estandar,tarjeta,0,0
28,49.37,14,7,0,premium,tarjeta,0,0
12,8.45,3,90,1,basico,tarjeta,0,1
7,38.31,11,4,0,premium,tarjeta,0,0
6,23.09,3,1,1,estandar,transferencia,0,1
4,30.11,5,52,0,estandar,tarjeta,1,1
2,22.36,5,11,2,estandar,tarjeta,0,0
13,46.86,1,21,2,premium,transferencia,0,0
6,47.29,2,40,1,premium,tarjeta,1,1
9,12.98,1,5,1,basico,efectivo,1,1
42,39.89,17,2,0,premium,efectivo,0,0
19,26.37,9,0,0,estandar,tarjeta,0,0
7,23.31,13,42,0,estandar,tarjeta,0,0
55,51.81,7,7,0,premium,tarjeta,0,0
17,16.55,6,52,0,basico,tarjeta,0,0
52,23.45,3,90,1,estandar,tarjeta,1,1
36,19.06,11,1,0,basico,tarjeta,0,0
17,13.37,6,2,0,basico,tarjeta,1,0
13,38.31,7,5,0,premium,tarjeta,1,0
24,11.69,5,82,1,basico,tarjeta,0,1
16,18.54,11,4,0,basico,efectivo,0,0
10,8.72,7,35,1,basico,efectivo,0,1
9,24.73,0,41,0,estandar,tarjeta,0,1
27,39.56,3,7,1,premium,transferencia,1,0
7,40.2,3,6,0,premium,tarjeta,0,0
27,8.66,3,17,1,basico,transferencia,0,0
14,20.09,3,18,2,estandar,tarjeta,0,0
3,22.53,3,26,1,estandar,efectivo,0,1
28,31.95,8,53,0,estandar,tarjeta,0,0
7,11.86,3,0,0,basico,tarjeta,0,0
8,15.14,7,66,0,basico,efectivo,1,1
12,29.37,12,28,0,estandar,tarjeta,1,0
14,20.57,15,40,0,estandar,tarjeta,0,0
17,21.67,3,11,1,estandar,transferencia,0,0
27,28.06,6,11,0,estandar,transferencia,0,0
26,42.46,10,14,0,premium,transferencia,0,0
9,27.8,4,14,0,estandar,transferencia,1,0
9,18.71,3,1,0,basico,transferencia,0,1
25,39.18,5,16,0,premium,tarjeta,0,0
6,43.57,11,1,0,premium,transferencia,0,0
14,11.21,2,9,1,basico,transferencia,0,0
34,22.89,10,19,1,estandar,efectivo,1,0
10,9.57,5,17,0,basico,tarjeta,0,0
4,23.03,10,12,0,estandar,tarjeta,1,1
7,11.94,9,31,0,basico,transferencia,0,0
7,25.66,6,27,1,estandar,tarjeta,0,0
7,15.81,3,21,2,basico,tarjeta,0,1
12,24.9,7,17,1,estandar,transferencia,0,0
51,49.47,12,1,0,premium,tarjeta,0,0
20,9.63,3,12,2,basico,tarjeta,0,0
12,40.19,13,15,0,premium,tarjeta,0,0
13,43.78,4,15,2,premium,tarjeta,0,0
8,46.85,12,38,2,premium,transferencia,0,1
13,15.44,5,18,1,basico,tarjeta,0,0
33,50.84,9,15,0,premium,tarjeta,0,0
15,13.16,10,21,1,basico,tarjeta,0,0
26,15.01,7,5,0,basico,tarjeta,0,0
24,50.48,12,50,0,premium,tarjeta,1,0
49,21.88,12,38,1,estandar,tarjeta,0,0
24,24.16,14,47,0,estandar,tarjeta,0,0
47,23.08,4,13,1,basico,tarjeta,0,0
28,48.43,7,37,0,premium,tarjeta,1,0
17,27.04,10,5,0,estandar,tarjeta,1,0
8,28.57,12,6,0,estandar,tarjeta,1,0
26,39.66,2,18,1,premium,tarjeta,0,0
28,9.41,6,28,0,basico,tarjeta,0,0
28,7.95,17,5,0,basico,tarjeta,0,0
1,26.67,10,2,0,estandar,tarjeta,1,0
10,43.52,8,16,1,premium,transferencia,1,1
20,12.38,8,26,0,basico,tarjeta,1,1
11,10.76,0,46,2,basico,transferencia,1,1
9,5.49,7,27,0,basico,transferencia,0,1
8,48.54,0,30,1,premium,tarjeta,0,1
4,5.0,14,1,0,basico,tarjeta,0,0
19,22.09,5,10,0,estandar,tarjeta,0,0
9,39.74,7,29,0,premium,tarjeta,1,1
10,8.48,1,16,1,basico,tarjeta,0,1
12,25.81,9,13,1,estandar,tarjeta,0,0
21,29.94,6,2,0,estandar,transferencia,0,0
17,38.76,13,56,0,premium,tarjeta,0,0
16,9.77,6,15,0,basico,transferencia,0,0
2,5.0,7,16,0,basico,transferencia,0,0
27,9.58,13,89,1,basico,tarjeta,0,1
40,25.29,4,27,0,estandar,efectivo,0,0
16,28.07,2,28,1,estandar,efectivo,0,1
6,5.0,9,17,1,basico,tarjeta,0,0
10,14.2,7,36,0,basico,tarjeta,0,1
6,41.11,3,5,0,premium,tarjeta,0,1
37,7.14,24,17,0,basico,tarjeta,0,0
10,12.27,9,41,1,basico,tarjeta,0,1
17,27.51,1,13,0,estandar,tarjeta,0,0
12,11.6,1,25,0,basico,tarjeta,0,1
20,7.63,6,27,0,basico,transferencia,0,1
7,24.6,8,30,0,estandar,tarjeta,0,0
16,9.1,8,15,1,basico,tarjeta,0,0
10,27.42,7,2,2,estandar,tarjeta,1,0
29,29.3,6,55,0,estandar,transferencia,0,0
2,29.05,8,32,1,estandar,transferencia,0,0
11,11.92,9,13,0,basico,tarjeta,1,0
27,49.49,7,62,0,premium,transferencia,0,1
25,7.92,11,28,1,basico,tarjeta,0,0
4,32.13,8,8,3,estandar,transferencia,0,0
23,7.89,5,18,0,basico,tarjeta,0,0
7,16.88,15,0,0,estandar,tarjeta,0,0
8,17.46,2,5,2,basico,transferencia,0,1
26,9.16,9,22,0,basico,efectivo,1,0
11,25.47,5,11,0,estandar,transferencia,0,0
4,7.88,3,21,2,basico,tarjeta,1,1
5,21.45,12,14,0,basico,transferencia,0,0
15,32.29,11,33,1,estandar,tarjeta,0,1
11,51.19,7,20,0,premium,transferencia,0,0
11,12.35,7,28,0,basico,transferencia,0,0
20,48.92,11,13,0,premium,tarjeta,0,0
18,24.79,15,20,0,estandar,tarjeta,0,0
11,49.49,13,10,0,premium,tarjeta,0,0
25,23.36,6,4,2,estandar,tarjeta,1,0
20,31.34,5,3,0,estandar,tarjeta,0,0
17,23.16,5,8,1,estandar,tarjeta,0,0
9,23.61,6,25,2,estandar,tarjeta,0,0
28,43.13,10,3,1,premium,tarjeta,0,0
10,12.77,3,5,0,basico,tarjeta,0,0
11,10.45,12,25,0,basico,transferencia,0,0
37,13.95,2,16,2,basico,tarjeta,0,1
7,43.08,5,5,0,premium,tarjeta,0,0
7,15.16,10,3,0,basico,transferencia,0,0
12,31.07,6,11,0,estandar,efectivo,0,0
6,45.31,10,18,1,premium,tarjeta,0,0
6,53.87,11,3,0,premium,tarjeta,0,0
37,16.51,15,12,0,basico,tarjeta,0,0
11,33.55,8,45,0,estandar,efectivo,0,1
17,44.76,4,4,0,premium,transferencia,1,0
4,5.35,4,31,0,basico,transferencia,0,0
7,22.18,4,19,0,estandar,transferencia,0,0
40,9.58,3,41,0,basico,tarjeta,0,0
6,21.19,3,9,2,estandar,tarjeta,0,1
18,16.22,7,19,1,estandar,transferencia,0,0
1,16.1,2,1,0,basico,efectivo,0,0
4,5.0,5,4,2,basico,tarjeta,1,1
11,15.72,5,28,0,basico,tarjeta,0,0
25,20.74,7,28,1,basico,tarjeta,0,0
14,21.89,18,11,0,estandar,efectivo,0,0
12,13.55,4,21,1,basico,tarjeta,0,0
21,10.41,5,8,1,basico,transferencia,1,0
16,28.31,2,20,2,estandar,tarjeta,0,1
3,20.22,6,48,1,estandar,transferencia,0,1
13,24.47,4,30,0,estandar,transferencia,0,1
10,49.48,2,46,1,premium,tarjeta,0,1
12,11.8,6,16,0,basico,transferencia,1,0
9,38.49,5,8,0,premium,efectivo,0,1
13,16.97,1,34,1,basico,efectivo,0,1
18,19.82,9,25,0,estandar,tarjeta,0,0
5,45.31,0,33,1,premium,transferencia,1,1
8,47.33,7,3,0,premium,tarjeta,0,0
21,25.48,6,9,0,estandar,tarjeta,0,0
23,35.15,14,3,1,estandar,tarjeta,1,0
33,14.94,14,13,0,basico,transferencia,1,0
14,24.19,7,8,1,estandar,tarjeta,1,0
8,27.41,2,7,0,estandar,tarjeta,0,0
8,45.84,12,90,0,premium,tarjeta,0,1
14,25.18,6,20,2,estandar,tarjeta,0,0
7,12.98,1,23,1,basico,tarjeta,0,1
32,23.26,14,36,0,estandar,tarjeta,0,1
9,12.85,7,40,0,basico,transferencia,0,0
29,9.98,2,1,1,basico,tarjeta,1,0
6,5.0,2,90,0,basico,tarjeta,0,1
12,29.56,6,46,0,estandar,transferencia,0,1
10,9.74,3,13,1,basico,efectivo,0,1
4,12.57,1,12,1,basico,efectivo,0,1
11,8.96,14,2,0,basico,transferencia,0,0
16,42.08,10,7,0,premium,efectivo,0,0
2,20.84,4,37,2,estandar,tarjeta,1,1
19,15.79,5,87,0,basico,efectivo,0,1
17,16.76,5,27,0,basico,efectivo,0,1
13,25.1,5,50,0,estandar,tarjeta,0,1
22,9.85,0,4,0,basico,efectivo,0,0
23,18.23,0,63,1,estandar,transferencia,0,1
60,15.18,10,1,0,basico,transferencia,0,0
4,42.29,11,1,1,premium,efectivo,0,0
35,7.53,8,7,0,basico,tarjeta,0,0
26,25.12,9,49,0,estandar,tarjeta,0,1
17,10.66,16,0,2,basico,transferencia,0,0
6,38.93,7,25,0,premium,transferencia,0,0
10,39.48,8,20,0,premium,efectivo,0,0
9,26.35,7,4,1,estandar,efectivo,0,0
12,22.38,5,0,1,estandar,transferencia,0,0
21,14.04,1,25,0,basico,efectivo,0,1
31,45.59,2,7,1,premium,tarjeta,0,0
42,29.19,13,30,0,estandar,efectivo,0,0
10,8.67,7,90,0,basico,tarjeta,0,1
15,25.93,5,42,0,estandar,tarjeta,0,1
7,27.55,5,90,2,estandar,tarjeta,1,1
27,42.5,2,11,3,premium,tarjeta,0,1
18,29.51,6,18,0,estandar,tarjeta,0,0
11,18.33,13,2,1,estandar,tarjeta,0,0
4,21.67,3,18,0,estandar,transferencia,0,0
15,5.19,7,17,0,basico,transferencia,0,1
16,9.06,6,47,2,basico,tarjeta,1,1
3,11.38,5,7,0,basico,transferencia,0,0
5,28.33,12,25,1,estandar,tarjeta,0,0
15,11.38,7,2,0,basico,tarjeta,0,0
39,9.62,10,12,1,basico,tarjeta,0,0
28,5.8,8,1,1,basico,tarjeta,0,0
12,7.14,2,0,1,basico,transferencia,1,0
10,26.24,2,4,0,estandar,tarjeta,1,0
8,15.53,15,58,0,basico,transferencia,0,0
7,10.32,12,2,0,basico,tarjeta,0,0
11,29.84,7,33,3,estandar,transferencia,0,1
47,8.2,7,25,1,basico,efectivo,0,0
10,10.44,16,15,0,basico,tarjeta,0,0
13,10.78,1,34,1,basico,tarjeta,1,1
5,51.12,7,7,2,premium,tarjeta,0,0
20,12.53,13,4,2,basico,tarjeta,0,0
13,17.81,9,12,1,estandar,tarjeta,0,0
10,48.81,4,0,2,premium,tarjeta,1,0
6,32.38,9,8,1,estandar,efectivo,0,0
7,11.0,6,32,0,basico,efectivo,1,1
9,21.41,10,2,0,estandar,tarjeta,1,0
10,28.46,7,11,0,estandar,tarjeta,0,0
6,19.86,11,31,0,basico,tarjeta,0,0
12,28.39,3,5,0,estandar,tarjeta,0,0
16,5.51,5,17,0,basico,efectivo,0,0
22,15.02,11,5,2,basico,tarjeta,0,0
38,13.62,14,15,1,basico,tarjeta,1,0
3,8.18,3,16,1,basico,tarjeta,0,0
17,17.16,9,4,0,basico,tarjeta,0,0
11,26.75,4,25,0,estandar,tarjeta,0,0
2,50.26,13,27,0,premium,tarjeta,0,0
8,7.75,9,36,0,basico,transferencia,1,0
21,26.6,0,8,1,estandar,tarjeta,0,0
19,21.42,9,23,3,estandar,efectivo,0,1
15,12.99,5,49,0,basico,tarjeta,0,1
8,17.91,10,4,1,basico,transferencia,0,0
32,6.29,12,1,0,basico,tarjeta,0,0
5,6.52,7,1,0,basico,tarjeta,0,0
10,15.82,3,7,1,basico,efectivo,1,1
11,11.94,6,3,0,basico,transferencia,0,0
13,29.69,3,19,0,estandar,tarjeta,0,0
52,8.77,7,21,1,basico,tarjeta,0,0
36,12.2,10,23,1,basico,transferencia,0,0
19,14.75,13,9,1,basico,efectivo,0,0
13,25.84,5,6,1,estandar,transferencia,0,0
13,5.0,9,37,1,basico,tarjeta,0,1
22,36.29,3,51,1,estandar,tarjeta,0,1
28,12.85,2,41,2,basico,tarjeta,0,1
5,6.64,3,11,1,basico,tarjeta,0,1
38,46.26,5,3,1,premium,tarjeta,0,0
18,13.72,11,2,1,basico,transferencia,0,0
9,15.98,10,18,1,basico,tarjeta,0,1
12,15.71,2,13,1,basico,transferencia,0,0
19,44.14,8,2,0,premium,transferencia,1,0
19,18.11,7,34,2,estandar,transferencia,0,1
6,26.85,12,32,0,estandar,tarjeta,0,0
13,38.43,11,3,0,premium,tarjeta,1,0
16,16.86,4,24,1,basico,tarjeta,0,0
28,42.07,11,28,1,premium,tarjeta,0,0
30,14.54,11,10,0,basico,tarjeta,0,0
5,22.38,6,0,1,estandar,tarjeta,0,0
14,10.03,6,8,0,basico,tarjeta,0,0
8,8.8,11,42,1,basico,tarjeta,0,0
18,47.86,8,20,0,premium,efectivo,0,0
51,9.51,4,24,0,basico,transferencia,0,0
26,48.07,5,10,0,premium,tarjeta,0,0
19,9.62,6,36,0,basico,efectivo,1,1
23,24.07,6,10,0,estandar,tarjeta,0,0
34,45.14,12,13,0,premium,tarjeta,0,0
24,12.62,3,80,1,basico,transferencia,1,1
6,41.3,6,4,1,premium,tarjeta,0,0
40,27.82,10,4,0,estandar,tarjeta,0,0
15,23.91,6,46,1,estandar,tarjeta,0,1
18,14.18,8,12,0,basico,tarjeta,0,0
30,24.94,13,2,1,estandar,transferencia,0,0
49,27.35,9,19,1,estandar,tarjeta,0,0
10,23.35,7,31,0,estandar,tarjeta,0,0
29,8.84,6,37,0,basico,tarjeta,0,0
10,13.71,2,54,1,basico,tarjeta,0,1
17,43.03,5,25,0,premium,tarjeta,1,0
4,17.84,9,6,0,basico,efectivo,0,1
10,25.27,3,12,1,estandar,transferencia,1,1
16,39.51,6,3,1,premium,tarjeta,0,0
20,9.66,8,20,1,basico,transferencia,1,0
19,8.0,12,2,0,basico,tarjeta,0,0
27,29.29,7,11,1,estandar,tarjeta,1,0
11,15.09,10,15,1,basico,tarjeta,1,0
13,24.76,7,13,1,estandar,tarjeta,0,0
13,26.16,5,51,0,estandar,transferencia,1,1
11,24.65,0,4,0,estandar,efectivo,1,1
7,15.44,3,1,0,basico,tarjeta,0,0
15,27.08,8,1,0,estandar,tarjeta,0,0
24,27.8,1,16,0,estandar,transferencia,0,0
18,11.23,9,40,0,basico,tarjeta,0,0
10,22.47,11,11,0,estandar,tarjeta,0,0
15,47.66,0,69,0,premium,efectivo,0,1
10,31.21,5,11,2,estandar,transferencia,0,0
20,29.42,2,18,2,estandar,efectivo,1,1
24,18.33,8,0,2,basico,tarjeta,1,0
25,12.65,5,2,1,basico,tarjeta,0,0
12,8.12,7,3,0,basico,tarjeta,0,0
10,8.48,2,29,0,basico,efectivo,0,1
27,50.52,13,31,0,premium,tarjeta,0,0
11,5.0,11,13,0,basico,tarjeta,0,0
15,51.02,9,67,3,premium,tarjeta,0,1
17,8.85,5,9,1,basico,transferencia,0,1
14,19.69,4,19,2,basico,transferencia,0,0
22,11.72,7,16,1,basico,transferencia,0,0
5,14.89,6,6,0,basico,tarjeta,0,0
19,34.54,7,36,0,estandar,transferencia,0,0
8,43.68,1,37,1,premium,tarjeta,0,1
11,43.61,6,90,0,premium,tarjeta,1,1
16,9.22,9,16,1,basico,tarjeta,1,1
4,20.99,3,12,3,estandar,tarjeta,0,1
13,10.68,5,29,1,basico,tarjeta,0,0
11,42.78,3,18,0,premium,efectivo,0,1
13,20.0,5,27,0,estandar,tarjeta,0,1
11,11.16,7,84,2,basico,tarjeta,1,1
15,13.8,5,8,1,basico,transferencia,0,1
10,8.42,5,5,2,basico,transferencia,1,0
14,11.35,3,28,0,basico,tarjeta,0,0
16,50.63,8,8,0,premium,transferencia,1,0
27,19.32,9,10,0,estandar,tarjeta,0,0
31,52.73,12,73,1,premium,tarjeta,0,0
5,9.3,1,18,0,basico,transferencia,0,0
29,25.8,13,5,0,estandar,tarjeta,0,0
7,17.12,3,19,2,basico,tarjeta,0,1
14,31.34,11,23,0,estandar,tarjeta,0,0
4,13.88,6,24,0,basico,tarjeta,0,0
2,9.22,6,42,2,basico,tarjeta,0,1
49,21.87,16,35,0,estandar,efectivo,0,0
14,9.7,7,40,0,basico,tarjeta,0,1
12,32.56,7,0,0,estandar,efectivo,0,0
17,23.47,5,1,1,estandar,tarjeta,0,0
12,13.29,8,4,0,basico,transferencia,1,1
24,40.82,6,12,0,premium,tarjeta,0,0
17,20.37,3,38,1,estandar,tarjeta,0,0
22,45.11,10,21,0,premium,tarjeta,0,0
8,23.7,11,8,0,estandar,tarjeta,0,0
4,23.99,6,35,0,estandar,efectivo,0,1
26,19.08,8,2,1,estandar,transferencia,1,0
18,44.71,7,27,0,premium,transferencia,1,0
6,31.2,10,10,0,estandar,tarjeta,1,0
6,8.59,7,11,0,basico,tarjeta,0,0
15,15.59,4,90,0,basico,transferencia,0,1
21,11.14,12,41,1,estandar,transferencia,0,0
7,8.79,6,12,3,basico,tarjeta,0,0
35,5.0,8,2,0,basico,transferencia,0,0
22,16.94,8,10,1,basico,tarjeta,0,0
27,28.52,5,18,1,estandar,efectivo,0,0
15,7.86,13,88,0,basico,tarjeta,0,1
14,26.16,8,0,1,estandar,tarjeta,1,0
5,29.81,2,8,1,estandar,efectivo,0,0
8,50.43,12,2,0,premium,tarjeta,0,0
13,10.38,18,4,0,basico,tarjeta,0,0
18,16.16,9,74,0,estandar,tarjeta,1,1
16,21.41,14,80,0,estandar,tarjeta,0,1
3,28.06,7,29,2,estandar,efectivo,0,1
7,33.4,3,0,0,estandar,transferencia,0,0
17,11.78,2,8,0,basico,tarjeta,0,0
18,42.57,2,15,0,premium,efectivo,0,0
10,21.6,10,69,0,basico,transferencia,0,0
21,46.62,4,18,0,premium,efectivo,0,0
21,20.09,10,15,0,estandar,tarjeta,0,0
47,11.52,7,20,0,basico,tarjeta,1,0
14,29.0,8,12,2,estandar,tarjeta,0,0
10,11.72,1,1,0,basico,tarjeta,0,0
7,28.18,6,61,1,estandar,transferencia,0,1
5,18.58,8,18,0,estandar,tarjeta,1,0
20,6.26,11,37,0,basico,tarjeta,0,1
19,9.06,6,16,0,basico,transferencia,0,0
5,23.87,10,21,1,estandar,tarjeta,0,0
20,13.34,15,3,0,basico,tarjeta,0,0
16,47.55,12,71,0,premium,transferencia,0,1
11,34.86,9,1,0,estandar,efectivo,0,0
2,22.05,17,5,0,estandar,tarjeta,0,0
19,10.74,3,42,2,basico,efectivo,1,1
38,22.16,15,3,1,estandar,transferencia,1,0
8,49.32,6,1,0,premium,transferencia,0,0
16,16.54,16,55,0,basico,tarjeta,0,1
20,10.21,3,31,1,basico,transferencia,1,1
1,20.26,4,10,1,basico,transferencia,0,0
7,9.16,8,51,1,basico,tarjeta,1,1
4,29.12,17,14,0,estandar,efectivo,0,0
38,30.82,13,19,0,estandar,efectivo,1,0
1,19.55,8,18,0,estandar,tarjeta,0,1
11,14.31,14,37,0,basico,transferencia,0,1
17,5.0,6,12,0,basico,tarjeta,0,0
8,15.3,4,42,1,basico,transferencia,1,1
2,40.59,6,15,0,premium,transferencia,0,0
12,27.27,8,2,1,estandar,tarjeta,0,0
8,15.02,21,5,0,basico,tarjeta,0,0
18,29.48,11,3,1,estandar,tarjeta,1,0
23,15.56,6,19,1,basico,efectivo,1,1
5,12.22,6,49,0,basico,tarjeta,1,1
8,10.48,8,5,1,basico,efectivo,1,1
9,44.7,0,17,1,premium,tarjeta,0,0
22,20.54,3,2,0,estandar,tarjeta,0,0
14,24.15,11,21,0,estandar,efectivo,0,0
5,10.84,3,18,2,basico,tarjeta,0,0
27,8.85,3,37,1,basico,tarjeta,0,1
8,18.04,2,63,3,estandar,tarjeta,0,1
9,6.89,6,23,1,basico,tarjeta,0,1
6,32.4,9,26,0,premium,tarjeta,0,0
15,23.77,4,17,2,estandar,tarjeta,0,0
10,13.44,11,21,1,basico,transferencia,1,1
32,14.27,4,25,0,estandar,tarjeta,0,0
15,45.95,5,14,0,premium,tarjeta,0,0
7,24.51,0,2,0,estandar,tarjeta,0,1
13,20.29,2,1,0,estandar,tarjeta,0,0
35,43.28,10,8,2,premium,efectivo,0,0
5,16.2,7,35,0,basico,tarjeta,0,1
19,41.1,14,2,0,premium,tarjeta,0,0
3,12.32,11,52,0,basico,tarjeta,0,1
31,26.39,5,15,1,estandar,efectivo,0,0
9,21.71,5,36,0,estandar,transferencia,0,1
7,29.03,6,29,0,estandar,transferencia,1,0
34,26.62,4,34,2,estandar,efectivo,0,1
13,23.99,4,20,0,estandar,transferencia,0,0
13,21.45,11,37,0,basico,efectivo,1,1
10,16.05,14,11,0,basico,tarjeta,0,0
10,5.26,3,1,0,basico,transferencia,0,0
2,23.44,8,27,2,estandar,efectivo,0,1
19,21.87,3,12,0,basico,efectivo,1,0
4,8.07,7,16,1,basico,tarjeta,0,1
25,45.27,8,3,1,premium,transferencia,1,0
6,16.92,7,27,1,basico,tarjeta,0,0
14,14.61,2,10,0,basico,transferencia,0,0
8,15.19,11,1,1,basico,tarjeta,0,0
10,14.95,4,7,0,basico,tarjeta,0,0
11,25.1,0,48,1,estandar,transferencia,0,0
17,8.83,11,67,0,basico,tarjeta,0,1
33,13.74,8,29,0,basico,tarjeta,0,1
9,43.39,10,6,3,premium,tarjeta,0,0
2,43.07,6,2,0,premium,transferencia,0,0
29,30.93,4,15,1,estandar,transferencia,1,0
20,43.48,7,2,1,premium,transferencia,1,0
5,51.82,2,33,0,premium,tarjeta,0,0
5,13.03,4,3,1,basico,transferencia,0,0
17,24.36,9,20,2,estandar,transferencia,0,1
15,17.73,6,11,0,estandar,tarjeta,1,0
39,20.48,7,30,1,basico,tarjeta,0,0
19,11.98,5,4,0,basico,tarjeta,1,0
8,5.0,3,36,0,basico,tarjeta,0,1
7,28.95,3,0,0,estandar,tarjeta,0,0
14,24.8,2,40,0,estandar,tarjeta,0,1
2,21.27,9,66,0,estandar,tarjeta,0,1
3,15.72,13,7,1,basico,tarjeta,0,0
5,5.0,6,13,1,basico,tarjeta,0,0
8,22.14,6,18,1,estandar,transferencia,1,1
13,23.8,7,18,0,estandar,tarjeta,1,0
19,48.41,2,14,1,premium,tarjeta,0,0
30,53.96,10,61,0,premium,transferencia,1,1
26,44.02,8,90,0,premium,tarjeta,0,1
24,46.84,8,0,0,premium,tarjeta,0,0
9,55.99,6,17,0,premium,tarjeta,0,0
7,25.02,2,6,0,estandar,tarjeta,0,0
17,13.87,12,53,1,basico,tarjeta,0,0
18,7.05,10,45,1,basico,tarjeta,0,0
5,19.84,4,5,0,basico,tarjeta,0,1
11,9.15,5,13,0,basico,tarjeta,0,0
6,13.07,11,19,1,basico,efectivo,0,1
3,45.96,2,22,0,premium,tarjeta,0,1
16,12.34,3,10,1,basico,tarjeta,1,0
23,43.26,3,58,1,premium,tarjeta,0,1
36,25.97,7,7,0,estandar,transferencia,1,0
12,32.03,11,21,0,estandar,transferencia,0,0
3,34.12,5,17,2,estandar,transferencia,0,0
40,11.3,5,18,1,basico,tarjeta,1,0
43,23.2,5,16,0,estandar,tarjeta,0,0
60,8.76,8,2,1,basico,transferencia,0,0
51,55.74,3,1,2,premium,tarjeta,0,1
15,12.52,7,5,0,basico,efectivo,0,0
13,16.46,13,9,0,basico,tarjeta,0,0
22,27.79,8,14,1,estandar,tarjeta,1,0
4,33.83,4,4,2,estandar,tarjeta,1,1
7,24.01,3,82,1,estandar,tarjeta,0,1
12,20.57,8,22,1,estandar,transferencia,0,0
27,19.44,6,28,1,basico,tarjeta,0,1
28,28.61,9,12,0,estandar,tarjeta,0,0
12,13.83,6,45,1,basico,transferencia,0,1
4,18.14,13,4,0,basico,efectivo,0,0
23,14.05,7,21,0,basico,transferencia,0,0
4,18.28,6,5,0,basico,efectivo,1,1
9,12.99,4,25,1,basico,efectivo,0,1
15,28.61,5,20,0,estandar,tarjeta,0,0
4,14.11,14,4,0,basico,efectivo,0,0
7,10.7,8,9,0,basico,efectivo,0,0
25,24.18,3,27,3,estandar,tarjeta,1,1
22,10.43,3,83,2,basico,transferencia,0,1
5,26.06,3,27,1,estandar,tarjeta,0,1
17,43.18,4,36,1,premium,transferencia,0,1
3,13.74,3,8,0,basico,tarjeta,1,1
20,46.61,5,7,0,premium,transferencia,0,0
8,12.82,1,2,3,basico,tarjeta,0,0
11,12.89,5,8,1,basico,tarjeta,0,0
14,22.74,12,12,0,estandar,tarjeta,0,0
5,23.87,12,5,0,estandar,transferencia,0,0
7,38.32,6,5,2,premium,tarjeta,0,0
37,11.52,9,14,0,basico,transferencia,1,0
11,21.06,4,12,1,estandar,tarjeta,0,0
15,12.4,8,41,0,basico,tarjeta,0,0
15,9.14,5,6,1,basico,tarjeta,0,0
30,5.0,10,10,0,basico,efectivo,0,0
23,54.01,2,0,1,premium,tarjeta,1,0
5,11.07,14,2,0,basico,transferencia,1,0
33,50.79,16,0,0,premium,tarjeta,0,0
41,22.89,6,5,1,estandar,transferencia,0,0
5,31.79,8,9,1,estandar,tarjeta,0,1
10,20.39,4,6,2,estandar,tarjeta,0,0
12,45.7,2,2,2,premium,tarjeta,1,0
10,7.63,13,16,1,basico,tarjeta,0,0
20,22.4,9,4,0,basico,tarjeta,1,0
11,24.0,1,27,0,estandar,tarjeta,0,1
9,15.31,8,11,2,basico,tarjeta,0,1
21,13.8,7,6,0,basico,efectivo,0,0
2,11.9,10,32,1,basico,tarjeta,0,0
15,14.07,4,33,0,basico,efectivo,0,1
19,17.44,2,51,1,basico,tarjeta,0,1
32,14.67,7,23,1,basico,tarjeta,0,0
14,45.65,5,36,2,premium,tarjeta,0,1
3,14.08,8,29,1,basico,tarjeta,0,1
14,52.66,5,16,0,premium,tarjeta,0,0
3,43.33,5,17,0,premium,efectivo,0,0
17,5.0,6,35,2,basico,transferencia,1,0
28,20.61,9,44,1,estandar,tarjeta,1,0
12,20.91,4,21,2,estandar,tarjeta,0,1
11,21.47,4,3,2,estandar,tarjeta,0,0
22,8.61,3,4,1,basico,transferencia,0,0
17,11.91,10,12,2,basico,tarjeta,0,0
21,12.99,7,47,2,basico,tarjeta,1,1
50,25.95,2,32,1,estandar,tarjeta,0,0
9,42.08,3,20,1,premium,tarjeta,0,1
18,28.98,13,49,0,estandar,transferencia,0,1
33,27.14,9,7,2,estandar,tarjeta,0,0
34,51.33,8,1,0,premium,tarjeta,0,0
19,28.39,6,12,0,estandar,efectivo,0,1
11,10.6,13,6,1,basico,efectivo,1,0
21,50.22,4,3,1,premium,tarjeta,1,0
21,13.09,12,10,1,basico,tarjeta,0,0
24,15.19,5,6,1,basico,transferencia,0,0
6,27.88,1,9,0,estandar,tarjeta,0,0
40,44.5,6,35,0,premium,tarjeta,0,0
33,12.41,4,32,2,basico,tarjeta,0,1
13,24.47,2,32,0,estandar,tarjeta,0,0
31,8.59,11,1,0,basico,efectivo,0,0
12,5.0,4,3,1,basico,transferencia,0,0
36,9.22,15,14,0,basico,efectivo,0,0
14,25.8,6,27,1,estandar,transferencia,0,1
7,49.34,2,44,1,premium,transferencia,1,1
46,15.18,14,34,2,basico,transferencia,0,1
23,10.88,12,10,0,basico,transferencia,0,0
12,9.28,3,20,0,basico,tarjeta,0,1
38,11.28,2,37,0,basico,tarjeta,1,0
21,21.1,11,25,1,estandar,tarjeta,0,0
10,16.54,1,54,0,estandar,tarjeta,0,1
38,18.82,5,12,2,estandar,tarjeta,0,0
24,17.5,4,1,0,basico,tarjeta,0,0
17,32.43,4,4,1,estandar,tarjeta,0,0
14,15.02,10,7,1,basico,tarjeta,0,0
6,11.77,10,43,0,basico,tarjeta,0,1
1,39.43,9,37,1,premium,tarjeta,1,1
22,24.36,21,41,0,estandar,tarjeta,1,0
5,47.45,4,47,0,premium,efectivo,0,1
6,48.32,2,32,1,premium,tarjeta,0,0
12,27.76,9,10,0,estandar,tarjeta,0,0
12,49.84,11,78,0,premium,tarjeta,0,1
7,19.77,12,5,1,basico,transferencia,0,0
22,10.38,10,1,0,basico,transferencia,0,0
3,23.22,10,59,0,basico,tarjeta,0,1
22,5.0,12,9,2,basico,tarjeta,0,0
11,8.89,7,6,0,basico,transferencia,0,0
7,12.8,4,7,0,basico,efectivo,0,0
3,27.2,4,17,0,estandar,tarjeta,0,0
15,24.27,6,2,2,estandar,tarjeta,1,0
5,23.02,13,29,2,estandar,tarjeta,0,0
4,20.81,1,10,0,basico,tarjeta,0,0
33,22.83,3,1,1,estandar,transferencia,0,0
4,7.92,9,26,1,basico,efectivo,0,1
3,18.76,4,15,1,basico,efectivo,0,0
21,15.4,6,27,0,basico,transferencia,0,1
16,16.38,6,4,0,basico,tarjeta,0,0
9,12.78,4,21,0,basico,efectivo,0,0
6,39.5,4,1,0,premium,tarjeta,0,0
7,25.34,0,0,1,estandar,tarjeta,1,1
9,18.95,4,9,0,estandar,transferencia,0,0
19,12.97,16,2,0,basico,tarjeta,1,0
16,47.61,12,13,1,premium,transferencia,0,0
10,29.3,13,24,0,estandar,efectivo,0,0
10,11.63,10,23,1,basico,transferencia,0,0
21,27.99,0,23,0,estandar,transferencia,0,1
7,21.38,18,3,1,estandar,tarjeta,0,0
3,15.87,5,37,2,basico,tarjeta,0,1
31,14.7,5,9,0,basico,transferencia,0,0
10,21.8,10,68,1,estandar,tarjeta,0,1
43,14.12,10,14,0,basico,efectivo,0,0
9,16.36,2,23,1,basico,tarjeta,0,1
13,12.31,5,19,1,basico,tarjeta,1,0
6,41.71,1,11,0,premium,tarjeta,0,0
16,12.71,17,10,0,basico,transferencia,0,0
10,14.21,9,19,0,basico,transferencia,1,0
11,8.68,7,17,1,basico,efectivo,1,1
14,40.97,18,12,0,premium,tarjeta,0,0
9,27.09,5,34,1,estandar,tarjeta,0,1
15,48.29,11,0,0,premium,tarjeta,0,0
8,20.6,8,48,2,basico,tarjeta,0,1
15,14.66,6,3,1,basico,tarjeta,0,0
3,20.16,6,16,1,estandar,tarjeta,0,1
4,20.16,1,8,1,basico,tarjeta,0,0
6,49.22,2,8,2,premium,tarjeta,0,0
5,36.98,10,8,0,premium,transferencia,0,0
5,20.88,9,12,2,estandar,transferencia,0,0
18,43.03,7,34,0,premium,tarjeta,1,0
10,28.35,12,33,0,estandar,tarjeta,0,1
9,5.0,5,9,1,basico,transferencia,0,0
16,24.52,2,23,1,estandar,transferencia,0,0
16,15.12,18,9,1,basico,transferencia,0,0
8,33.66,10,5,0,premium,tarjeta,1,0
26,14.99,7,20,2,basico,tarjeta,0,0
11,15.47,13,0,0,basico,efectivo,0,0
19,21.61,9,16,0,estandar,tarjeta,0,0
8,7.39,10,59,3,basico,tarjeta,0,1
15,8.55,2,40,1,basico,efectivo,1,1
21,14.31,2,51,1,estandar,tarjeta,0,0
19,10.7,6,38,1,basico,transferencia,0,1
18,25.88,5,33,1,estandar,efectivo,0,1
7,7.12,9,22,0,basico,tarjeta,0,0
4,15.89,7,1,0,basico,transferencia,0,0
4,12.41,0,28,1,basico,tarjeta,0,1
9,26.04,14,12,1,estandar,efectivo,0,0
8,43.39,6,55,0,premium,efectivo,0,1
17,14.97,3,88,0,basico,efectivo,0,1
13,50.16,12,18,0,premium,tarjeta,0,0
4,23.37,2,13,0,estandar,transferencia,0,0
23,28.04,15,41,0,estandar,efectivo,1,1
15,28.09,6,52,0,estandar,transferencia,1,1
7,26.67,4,6,1,estandar,transferencia,0,0
8,51.71,1,90,1,premium,tarjeta,0,1
31,22.09,6,7,1,estandar,efectivo,0,0
5,23.31,2,35,2,estandar,tarjeta,1,1
32,8.89,11,21,0,basico,tarjeta,0,0
10,14.9,5,15,1,basico,efectivo,1,1
11,23.91,3,71,0,estandar,efectivo,0,1
16,9.22,5,2,1,basico,efectivo,0,0
3,18.65,9,2,1,basico,tarjeta,0,0
15,19.24,11,21,0,basico,tarjeta,0,0
20,10.69,8,71,0,basico,tarjeta,0,1
9,19.53,4,1,0,estandar,tarjeta,1,0
12,32.45,1,40,0,estandar,efectivo,1,1
44,13.88,13,17,0,basico,tarjeta,0,0
22,13.68,10,14,0,basico,tarjeta,0,0
6,12.42,7,17,1,basico,tarjeta,0,0
8,8.8,7,5,1,basico,tarjeta,0,0
10,23.35,7,8,0,estandar,efectivo,0,0
23,27.71,6,17,0,estandar,transferencia,0,0
6,23.21,7,17,0,estandar,tarjeta,0,0
19,26.73,4,13,2,estandar,tarjeta,1,0
19,45.05,7,2,0,premium,tarjeta,0,0
13,20.77,9,8,0,estandar,tarjeta,0,0
23,31.48,9,7,0,estandar,efectivo,0,0
6,27.38,3,8,1,estandar,transferencia,0,0
27,13.32,8,31,1,basico,tarjeta,1,0
2,47.22,8,60,2,premium,transferencia,0,0
6,5.0,3,15,0,basico,tarjeta,0,0
3,10.03,2,23,3,basico,tarjeta,0,1
7,38.89,7,26,1,premium,tarjeta,0,0
19,25.5,2,23,3,estandar,tarjeta,0,1
16,13.3,6,1,0,basico,tarjeta,1,0
14,12.57,6,31,0,basico,transferencia,0,0
7,16.71,7,1,2,basico,efectivo,0,0
12,19.01,10,13,1,estandar,tarjeta,0,0
27,8.8,7,25,0,basico,transferencia,0,1
7,46.66,11,9,3,premium,tarjeta,1,0
7,46.06,7,34,0,premium,tarjeta,0,0
7,19.74,3,3,1,estandar,tarjeta,0,0
14,29.79,6,4,0,estandar,tarjeta,0,0
18,18.17,9,1,1,basico,tarjeta,1,0
21,13.7,5,0,0,basico,efectivo,1,0
10,18.96,6,29,1,estandar,efectivo,0,1
9,12.64,7,35,0,basico,tarjeta,0,1
8,13.36,8,30,2,basico,transferencia,0,1
17,10.91,12,55,0,basico,tarjeta,1,1
3,17.39,3,60,1,basico,transferencia,1,1
11,11.54,9,1,1,basico,tarjeta,0,0
11,33.42,8,6,1,estandar,tarjeta,0,0
19,48.13,5,41,0,premium,transferencia,0,1
4,26.1,4,21,2,estandar,tarjeta,0,1
20,48.68,10,43,1,premium,tarjeta,0,0
17,18.12,11,6,0,basico,tarjeta,0,0
38,48.6,19,14,0,premium,tarjeta,0,0
33,24.7,8,21,1,estandar,tarjeta,0,1
25,9.36,10,20,0,basico,transferencia,0,1
2,40.51,5,6,1,premium,transferencia,0,0
5,5.0,3,25,2,basico,tarjeta,0,0
23,12.7,1,90,1,basico,tarjeta,0,1
11,10.45,3,33,1,basico,transferencia,0,1
33,10.66,9,26,0,basico,transferencia,1,0
13,16.12,14,74,0,basico,transferencia,0,1
19,24.55,0,20,1,estandar,tarjeta,0,0
18,52.58,3,5,0,premium,tarjeta,0,0
13,9.71,8,10,0,basico,tarjeta,0,0
24,21.12,6,19,0,estandar,tarjeta,0,0
20,6.97,4,2,0,basico,tarjeta,1,0
5,47.89,12,9,1,premium,tarjeta,0,0
46,16.61,14,6,0,basico,transferencia,0,0
5,9.62,6,11,2,basico,tarjeta,0,1
7,20.74,2,35,1,estandar,transferencia,0,1
19,31.12,6,13,0,estandar,tarjeta,0,0
16,19.2,6,12,0,estandar,tarjeta,0,0
21,29.04,9,10,0,estandar,transferencia,0,0
10,22.72,4,8,0,estandar,transferencia,0,1
17,13.59,8,10,2,basico,tarjeta,1,0
7,16.31,13,0,0,basico,transferencia,0,0
13,13.91,14,30,0,basico,tarjeta,1,0
30,10.82,3,13,1,basico,tarjeta,0,0
5,17.58,2,52,0,basico,transferencia,0,1
25,26.16,6,7,1,estandar,transferencia,0,0
11,26.73,17,8,1,basico,tarjeta,1,0
6,18.18,7,3,0,estandar,efectivo,0,0
6,18.12,2,29,0,estandar,transferencia,1,1
11,28.98,6,21,0,estandar,transferencia,1,0
25,24.87,10,7,0,estandar,tarjeta,0,0
17,15.17,22,2,0,basico,tarjeta,0,0
4,7.61,0,15,3,basico,tarjeta,0,1
24,25.22,9,90,0,estandar,transferencia,1,1
21,26.83,9,1,0,estandar,tarjeta,0,0
2,9.83,6,7,1,basico,transferencia,0,0
6,12.93,5,19,0,basico,tarjeta,0,0
27,19.55,8,14,1,estandar,transferencia,1,1
13,26.58,10,22,0,estandar,transferencia,0,0
24,17.78,5,9,1,basico,transferencia,0,0
1,7.05,7,14,1,basico,transferencia,0,0
1,39.81,9,27,1,premium,efectivo,0,1
20,16.76,5,29,0,basico,tarjeta,0,0
8,39.74,1,14,0,premium,transferencia,0,0
20,15.36,4,14,1,basico,efectivo,0,0
24,25.22,1,1,0,estandar,tarjeta,1,0
8,10.33,13,0,0,basico,tarjeta,0,0
12,17.87,1,29,0,basico,efectivo,1,1
10,48.71,10,43,1,premium,tarjeta,0,0
8,26.12,3,23,0,estandar,tarjeta,0,0
15,36.39,2,12,2,premium,tarjeta,1,0
22,14.85,11,7,0,basico,tarjeta,0,0
7,40.72,2,31,1,premium,tarjeta,0,1
7,44.11,2,3,2,premium,tarjeta,0,0
8,25.03,1,13,2,estandar,efectivo,1,1
19,19.59,11,44,1,basico,tarjeta,0,0
24,23.99,15,36,0,estandar,tarjeta,0,0
10,19.31,10,42,0,estandar,efectivo,1,1
2,50.88,4,13,3,premium,transferencia,0,0
5,14.9,6,26,2,basico,tarjeta,0,1
9,15.05,2,4,0,basico,tarjeta,0,0
6,17.95,6,5,0,basico,transferencia,1,0
4,31.89,3,8,3,estandar,transferencia,0,0
13,41.43,9,33,0,premium,tarjeta,1,0
53,6.44,16,14,1,basico,tarjeta,1,0
6,28.37,7,11,0,estandar,transferencia,1,0
15,43.95,8,8,0,premium,transferencia,0,0
18,11.31,11,2,0,basico,tarjeta,1,0
19,7.51,0,7,0,basico,efectivo,0,0
12,27.34,3,29,0,estandar,transferencia,1,1
4,26.61,21,35,0,estandar,transferencia,0,0
22,11.38,7,11,2,basico,transferencia,1,0
3,39.45,9,23,0,premium,transferencia,0,0
11,29.84,3,10,0,estandar,tarjeta,0,0
10,46.02,0,31,1,premium,tarjeta,1,0
5,49.47,4,2,0,premium,transferencia,0,0
8,36.59,6,8,1,premium,transferencia,1,0
19,25.23,3,11,2,estandar,tarjeta,1,0
11,9.13,4,40,2,basico,tarjeta,1,1
3,25.14,13,55,0,estandar,transferencia,0,1
20,15.77,4,36,0,basico,transferencia,0,0
37,26.48,8,3,1,estandar,tarjeta,0,0
4,12.07,6,19,0,basico,tarjeta,0,0
12,25.05,6,9,3,estandar,tarjeta,0,0
12,5.76,9,6,0,basico,efectivo,0,0
4,8.37,11,18,0,basico,efectivo,0,1
28,16.49,9,12,1,basico,tarjeta,0,0
12,22.98,10,1,2,estandar,tarjeta,0,0
23,29.56,5,73,3,estandar,transferencia,0,1
16,15.31,3,13,4,basico,tarjeta,0,1
27,48.52,12,6,1,premium,efectivo,0,0
15,46.33,7,24,0,premium,tarjeta,1,0
9,10.26,5,15,0,basico,tarjeta,0,0
18,24.4,5,25,0,estandar,tarjeta,0,0
6,14.56,11,46,0,basico,tarjeta,0,1
19,5.0,2,16,1,basico,transferencia,0,0
6,29.98,7,14,0,estandar,transferencia,0,0
12,10.0,2,4,0,basico,tarjeta,0,0
10,44.65,3,63,1,premium,tarjeta,0,1
15,44.69,3,4,0,premium,transferencia,0,0
30,44.84,8,27,1,premium,transferencia,0,0
8,19.75,6,56,1,estandar,tarjeta,0,1
22,25.61,4,36,0,estandar,tarjeta,0,1
28,47.38,1,34,1,premium,tarjeta,0,0
21,5.0,6,11,1,basico,tarjeta,0,0
15,6.8,9,20,0,basico,transferencia,0,0
14,28.58,8,23,0,estandar,tarjeta,0,0
8,14.84,6,5,2,basico,tarjeta,0,1
3,13.19,9,24,2,basico,transferencia,0,1
13,9.27,6,22,0,basico,tarjeta,0,0
29,27.86,11,36,2,estandar,tarjeta,1,1
32,7.19,14,6,1,basico,tarjeta,0,0
4,11.45,10,8,1,basico,efectivo,0,1
31,6.77,6,41,0,basico,transferencia,1,1
18,11.35,12,2,0,basico,tarjeta,0,0
17,40.88,6,46,0,premium,transferencia,0,1
29,15.02,13,9,0,basico,tarjeta,1,1
24,26.73,5,7,0,estandar,tarjeta,0,0
5,22.72,6,0,0,estandar,tarjeta,1,0
7,16.36,10,40,0,basico,tarjeta,1,1
3,41.17,9,35,2,premium,tarjeta,1,1
16,24.86,12,18,0,estandar,efectivo,1,0
6,22.54,2,16,1,estandar,tarjeta,0,0
9,14.97,7,24,3,basico,transferencia,0,1
27,14.57,3,14,0,basico,transferencia,0,1
18,50.21,5,24,0,premium,tarjeta,1,0
18,25.33,6,10,0,estandar,tarjeta,0,0
45,33.16,15,39,0,premium,tarjeta,1,0
1,43.28,0,2,0,premium,tarjeta,0,0
6,18.26,4,82,1,basico,tarjeta,0,1
10,23.7,3,1,1,estandar,efectivo,0,0
7,17.33,6,0,1,estandar,efectivo,1,1
23,26.8,8,13,0,estandar,tarjeta,0,0
11,14.1,3,42,2,basico,tarjeta,0,1
5,9.09,3,11,2,basico,tarjeta,0,0
15,24.01,3,10,1,estandar,efectivo,0,1
17,21.61,10,7,0,estandar,tarjeta,0,1
5,27.09,1,21,3,estandar,tarjeta,0,1
11,12.23,0,28,1,basico,transferencia,0,1
18,7.34,3,1,2,basico,tarjeta,0,0
28,44.96,11,31,0,premium,tarjeta,1,1
7,9.07,6,37,1,basico,transferencia,0,1
19,17.84,9,2,3,basico,tarjeta,0,0
8,28.57,9,33,0,estandar,tarjeta,0,0
13,11.51,6,29,2,basico,tarjeta,0,1
6,25.32,6,3,0,estandar,tarjeta,0,0
18,16.06,3,16,1,basico,efectivo,1,1
25,44.31,3,4,1,premium,tarjeta,0,1
12,48.03,19,8,1,premium,transferencia,0,0
10,50.91,9,6,0,premium,tarjeta,0,0
10,23.04,2,2,2,estandar,transferencia,1,1
4,18.58,4,28,1,basico,efectivo,1,1
21,30.42,6,9,2,estandar,tarjeta,1,1
27,45.99,9,20,0,premium,efectivo,0,0
7,23.22,6,1,0,estandar,transferencia,0,0
15,25.94,1,12,1,estandar,transferencia,0,0
18,24.02,11,4,0,estandar,tarjeta,0,0
8,21.83,12,22,0,estandar,transferencia,0,0
32,27.13,6,60,0,estandar,tarjeta,0,0
15,7.91,7,25,1,basico,efectivo,0,1
4,23.65,12,24,0,estandar,efectivo,0,1
26,23.7,8,9,0,estandar,tarjeta,0,0
12,6.54,5,22,1,basico,efectivo,1,0
9,47.63,6,45,1,premium,efectivo,0,1
20,24.09,9,13,0,estandar,tarjeta,0,0
8,17.2,5,4,1,basico,tarjeta,0,0
31,44.02,7,15,0,premium,tarjeta,0,0
26,23.37,13,2,0,estandar,tarjeta,0,0
33,21.38,13,5,0,estandar,tarjeta,0,0
44,12.16,11,15,0,basico,efectivo,1,1
18,45.18,1,2,0,premium,tarjeta,0,0
13,14.97,7,10,1,basico,transferencia,0,0
8,25.27,8,57,1,estandar,transferencia,0,1
19,20.38,8,7,0,basico,transferencia,1,0
43,26.82,21,17,0,estandar,tarjeta,1,0
5,21.05,8,5,1,estandar,tarjeta,0,1
16,20.71,3,20,1,estandar,transferencia,0,1
4,27.14,3,6,1,estandar,tarjeta,0,1
3,40.93,5,2,2,premium,tarjeta,0,0
28,27.38,7,24,0,estandar,transferencia,0,0
25,15.58,3,78,0,basico,tarjeta,0,1
8,48.68,4,34,0,premium,tarjeta,0,1
5,21.52,10,29,0,estandar,tarjeta,0,1
34,48.69,5,19,2,premium,tarjeta,1,0
6,46.29,4,12,1,premium,transferencia,0,0
4,42.57,6,29,1,premium,tarjeta,1,1
6,24.36,3,42,0,estandar,efectivo,0,1
17,26.89,5,59,0,estandar,efectivo,0,1
47,9.31,17,6,0,basico,tarjeta,1,0
8,26.21,4,1,1,estandar,tarjeta,0,0
28,30.78,4,13,0,estandar,tarjeta,1,0
14,28.86,7,1,0,estandar,efectivo,0,0
2,45.33,9,18,0,premium,transferencia,0,0
8,12.94,8,4,1,basico,tarjeta,0,1
25,9.85,8,25,0,basico,tarjeta,0,0
24,22.96,10,16,1,estandar,tarjeta,1,0
7,5.85,1,49,1,basico,tarjeta,0,1
21,13.0,8,10,0,basico,tarjeta,0,0
12,14.73,6,11,1,basico,tarjeta,1,1
17,44.72,7,13,0,premium,transferencia,0,0
29,21.49,12,5,0,estandar,tarjeta,0,0
8,12.26,14,9,1,basico,tarjeta,1,0
10,17.37,5,2,1,basico,transferencia,0,0
29,28.59,8,22,1,estandar,efectivo,1,1
44,11.88,9,12,1,basico,tarjeta,0,0
23,33.19,10,19,1,estandar,efectivo,0,0
16,35.79,8,1,2,estandar,tarjeta,1,0
23,10.08,14,5,0,basico,efectivo,0,0
8,24.02,9,5,0,estandar,tarjeta,0,1
13,14.77,0,5,0,basico,transferencia,0,1
3,8.35,5,42,0,basico,tarjeta,1,1
8,48.4,4,20,0,premium,efectivo,1,0
17,25.41,5,29,3,estandar,efectivo,0,1
15,46.49,6,27,0,premium,tarjeta,0,0
1,9.7,3,13,0,basico,tarjeta,0,0
11,8.85,8,3,1,basico,tarjeta,1,0
15,17.06,9,8,1,estandar,tarjeta,1,0
15,30.94,5,20,0,estandar,transferencia,0,0
4,48.77,2,77,1,premium,transferencia,1,1
21,14.69,13,69,0,basico,tarjeta,1,0
40,46.39,6,16,0,premium,tarjeta,0,0
23,35.78,12,55,0,premium,efectivo,0,1
13,22.0,2,52,1,estandar,tarjeta,0,1
35,10.98,11,6,0,basico,transferencia,1,0
8,20.67,4,90,0,estandar,tarjeta,0,1
19,5.23,2,12,0,basico,tarjeta,0,0
12,21.09,2,24,1,estandar,tarjeta,0,0
35,25.2,9,53,1,estandar,tarjeta,1,1
6,45.2,5,27,0,premium,transferencia,0,0
6,28.63,7,14,1,estandar,tarjeta,0,0
30,33.25,13,45,0,estandar,transferencia,0,1
18,27.74,6,90,1,estandar,transferencia,0,1
31,24.3,12,7,1,estandar,tarjeta,0,0
6,52.2,4,32,2,premium,tarjeta,0,1
8,5.67,3,24,1,basico,transferencia,0,1
16,36.68,11,28,0,premium,transferencia,0,1
4,41.45,16,44,0,premium,tarjeta,0,1
15,48.25,16,81,0,premium,tarjeta,0,1
9,25.67,8,6,0,estandar,transferencia,1,0
12,40.49,3,68,0,premium,tarjeta,1,1
21,9.09,6,6,0,basico,transferencia,0,0
22,20.03,10,33,0,estandar,tarjeta,0,0
39,7.03,11,0,2,basico,transferencia,1,0
27,18.2,12,75,0,basico,tarjeta,0,1
2,11.43,10,8,0,basico,transferencia,0,0
6,19.08,9,14,0,basico,tarjeta,1,0
7,8.44,3,53,1,basico,tarjeta,0,1
25,46.96,11,13,1,premium,tarjeta,1,0
35,12.91,9,1,0,basico,transferencia,1,0
5,28.52,5,8,0,estandar,tarjeta,0,0
25,13.02,0,47,1,basico,tarjeta,0,1
13,28.94,7,22,2,estandar,transferencia,1,1
12,27.22,7,27,3,estandar,tarjeta,0,0
8,7.63,5,12,0,basico,tarjeta,1,0
11,27.93,4,45,0,estandar,transferencia,0,1
16,44.59,9,17,1,premium,transferencia,0,0
9,41.89,10,20,0,premium,efectivo,0,1
18,14.78,5,11,0,basico,tarjeta,1,0
12,28.69,4,20,0,estandar,tarjeta,1,1
11,23.07,8,90,0,estandar,transferencia,0,1
20,10.6,5,6,2,basico,tarjeta,1,0
17,39.45,14,5,0,premium,transferencia,0,0
1,5.0,4,49,2,basico,tarjeta,0,1
18,44.03,5,4,1,premium,efectivo,0,0
16,15.17,5,31,2,basico,transferencia,1,1
28,9.71,4,2,1,basico,tarjeta,0,0
16,50.71,13,6,0,premium,tarjeta,0,0
10,44.18,7,13,0,premium,tarjeta,1,0
8,44.2,7,3,1,premium,tarjeta,0,0
3,43.84,10,55,0,premium,transferencia,0,0
13,15.93,7,3,0,basico,tarjeta,0,0
7,8.16,7,11,0,basico,tarjeta,0,0
31,11.48,3,18,1,basico,tarjeta,0,0
14,22.81,6,6,2,estandar,transferencia,0,0
5,9.75,3,4,0,basico,tarjeta,1,0
2,45.14,7,26,1,premium,tarjeta,0,0
3,11.55,10,13,1,basico,efectivo,0,1
17,16.21,11,38,0,basico,tarjeta,0,0
33,11.96,7,0,1,basico,tarjeta,1,0
20,14.22,10,16,0,basico,efectivo,0,0
12,12.69,3,32,0,basico,tarjeta,0,1
45,30.62,22,17,0,estandar,efectivo,0,0
23,10.79,4,3,1,basico,transferencia,0,0
16,23.8,16,8,0,estandar,transferencia,1,0
10,47.98,0,15,0,premium,tarjeta,0,0
34,23.74,16,27,0,estandar,tarjeta,1,0
11,26.99,9,22,0,estandar,tarjeta,0,0
7,21.35,2,5,3,basico,tarjeta,0,1
13,8.08,16,26,0,basico,tarjeta,1,0
15,18.13,2,11,1,basico,tarjeta,0,0
24,43.03,12,23,1,premium,transferencia,0,0
7,30.35,2,2,1,estandar,tarjeta,0,0
8,14.74,5,28,0,basico,transferencia,0,0
8,27.4,9,22,0,estandar,efectivo,0,1
12,44.4,12,40,1,premium,transferencia,0,0
5,24.0,7,0,0,estandar,transferencia,0,0
30,22.11,6,1,0,estandar,transferencia,0,0
3,45.03,0,3,1,premium,tarjeta,0,0
35,24.26,11,33,0,estandar,tarjeta,0,0
23,25.76,7,12,0,estandar,efectivo,0,0
6,6.36,15,3,0,basico,transferencia,1,0
11,12.09,3,20,1,basico,transferencia,1,0
7,50.05,6,42,0,premium,efectivo,0,1
23,28.78,12,37,1,estandar,tarjeta,0,0
32,12.09,9,12,0,basico,tarjeta,0,0
60,35.25,8,33,1,estandar,transferencia,0,0
19,9.69,11,26,0,basico,tarjeta,0,0
3,44.65,6,41,0,premium,tarjeta,0,1
6,6.2,5,12,0,basico,transferencia,0,1
18,43.39,3,33,1,premium,transferencia,0,0
12,32.15,0,6,0,estandar,tarjeta,0,0
22,10.54,5,28,1,basico,transferencia,0,1
17,5.89,6,26,0,basico,tarjeta,0,0
7,48.49,5,32,0,premium,efectivo,1,1
10,13.56,3,17,1,basico,tarjeta,0,1
23,15.32,5,5,0,basico,efectivo,0,0
17,23.81,7,1,1,estandar,tarjeta,0,0
22,7.97,12,35,0,basico,tarjeta,0,1
4,11.27,2,2,1,basico,tarjeta,0,0
7,14.22,11,29,1,basico,tarjeta,0,0
29,44.71,14,5,0,premium,tarjeta,1,0
4,13.55,4,23,0,basico,transferencia,0,0
22,9.85,10,20,0,basico,transferencia,0,0
4,13.7,3,4,1,basico,tarjeta,0,0
14,11.99,8,62,0,basico,transferencia,0,1
9,9.18,3,8,1,basico,efectivo,0,0
6,12.56,4,34,0,basico,transferencia,0,0
15,10.45,14,52,0,basico,tarjeta,0,0
28,14.47,6,11,0,basico,tarjeta,0,0
8,48.49,1,3,0,premium,efectivo,0,0
2,14.01,7,23,0,basico,tarjeta,0,0
12,5.46,7,3,2,basico,tarjeta,0,0
6,41.14,0,9,1,premium,transferencia,1,1
23,42.45,6,3,1,premium,tarjeta,1,0
9,21.81,4,30,0,estandar,transferencia,0,1
8,9.83,6,18,0,basico,tarjeta,0,0
10,15.7,7,13,0,basico,transferencia,1,0
28,14.79,5,1,0,basico,efectivo,0,1
18,10.3,4,24,0,basico,efectivo,0,0
6,14.37,2,27,2,basico,efectivo,0,1
4,26.32,4,44,2,estandar,efectivo,0,1
34,11.87,10,13,0,basico,tarjeta,0,0
8,29.59,6,27,1,estandar,efectivo,0,0
28,9.35,6,30,0,basico,efectivo,0,0
12,12.21,9,10,1,basico,tarjeta,1,0
7,20.8,4,1,0,estandar,tarjeta,0,0
7,40.99,13,22,0,premium,tarjeta,0,0
12,6.56,2,22,0,basico,tarjeta,0,0
2,21.06,3,3,0,estandar,transferencia,0,0
7,12.33,6,62,0,basico,tarjeta,0,1
42,10.79,11,1,0,basico,tarjeta,0,0
51,23.92,12,42,0,estandar,tarjeta,0,0
8,10.8,14,22,2,basico,tarjeta,1,0
21,19.09,3,10,1,basico,efectivo,0,1
18,20.45,6,12,0,estandar,tarjeta,0,0
5,7.02,9,19,0,basico,tarjeta,0,0
21,8.62,3,1,0,basico,tarjeta,0,0
10,11.71,8,18,0,basico,efectivo,0,1
14,47.06,2,13,0,premium,efectivo,0,0
24,27.47,18,1,0,estandar,tarjeta,0,0
10,15.78,2,38,0,basico,tarjeta,1,0
10,11.57,9,7,0,basico,tarjeta,0,1
20,23.41,8,1,2,estandar,tarjeta,1,1
29,18.53,14,5,0,basico,transferencia,1,0
19,13.86,6,20,2,estandar,tarjeta,1,1
11,25.25,8,35,0,estandar,tarjeta,0,0
27,13.72,4,12,1,basico,tarjeta,1,0
17,19.49,4,9,0,basico,tarjeta,0,1
33,5.36,10,25,0,basico,tarjeta,1,0
39,10.32,6,12,1,basico,tarjeta,0,0
19,6.57,9,26,1,basico,tarjeta,0,0
32,37.81,9,8,0,premium,tarjeta,0,0
32,11.18,12,13,0,basico,tarjeta,0,0
13,28.33,5,5,1,estandar,efectivo,0,0
32,29.82,8,17,0,estandar,tarjeta,0,0
14,9.87,7,6,0,basico,tarjeta,0,0
22,14.67,3,10,0,basico,tarjeta,0,1
13,11.21,23,40,0,basico,transferencia,1,1
4,27.23,4,52,0,estandar,efectivo,0,1
46,16.62,1,4,1,basico,transferencia,0,0
22,24.22,6,18,1,estandar,transferencia,1,1
23,49.31,3,47,0,premium,transferencia,1,0
15,20.15,4,16,0,estandar,tarjeta,0,0
32,47.63,7,14,1,premium,efectivo,0,0
12,29.13,4,21,0,estandar,transferencia,0,0
13,48.72,13,15,0,premium,tarjeta,0,0
6,40.26,8,25,0,premium,tarjeta,0,0
17,24.18,10,26,1,estandar,tarjeta,0,1
31,46.21,16,28,0,premium,tarjeta,0,0
13,46.77,5,61,1,premium,transferencia,0,1
5,25.46,5,4,0,estandar,tarjeta,0,0
27,30.72,5,14,0,estandar,transferencia,1,0
20,19.82,8,3,1,estandar,efectivo,0,0
43,44.04,8,31,0,premium,tarjeta,0,0
7,5.25,5,2,0,basico,tarjeta,0,0
22,47.48,13,54,0,premium,transferencia,0,1
5,27.22,9,39,4,estandar,transferencia,1,1
14,58.39,0,18,1,premium,tarjeta,0,0
16,16.11,12,39,0,basico,tarjeta,0,0
3,26.33,8,53,1,estandar,transferencia,0,1
30,26.02,11,22,0,estandar,efectivo,0,0
24,43.73,18,6,0,premium,tarjeta,0,0
20,45.52,13,18,0,premium,tarjeta,1,0
5,26.1,3,21,2,estandar,efectivo,0,1
8,17.14,4,10,0,estandar,tarjeta,1,0
26,12.79,3,44,2,basico,tarjeta,0,1
14,45.4,2,4,2,premium,tarjeta,1,0
12,19.02,9,31,1,basico,tarjeta,0,0
32,24.47,5,10,5,estandar,tarjeta,0,0
15,21.94,4,8,1,estandar,transferencia,0,0
5,13.07,4,10,0,basico,transferencia,0,0
26,12.3,9,15,1,basico,tarjeta,0,1
5,11.48,4,69,0,basico,tarjeta,0,1
14,39.88,2,8,1,premium,tarjeta,0,0
17,24.38,12,22,0,estandar,transferencia,0,0
22,9.68,4,50,0,basico,transferencia,0,1
4,24.13,1,22,2,estandar,transferencia,0,1
1,14.93,8,18,0,basico,transferencia,0,0
1,42.3,6,8,1,premium,efectivo,0,1
34,11.12,8,57,0,basico,transferencia,0,1
3,14.16,5,2,2,basico,tarjeta,0,0
40,10.92,4,6,0,basico,efectivo,0,0
28,35.44,9,31,1,estandar,efectivo,0,1
6,26.0,9,19,0,estandar,tarjeta,0,0
2,20.03,1,5,2,estandar,tarjeta,0,0
14,21.64,8,13,1,estandar,transferencia,0,0
9,8.24,10,12,1,basico,tarjeta,0,0
32,8.7,12,18,0,basico,transferencia,0,0
17,14.15,5,1,3,basico,tarjeta,0,0
14,40.57,5,4,1,premium,tarjeta,1,0
12,10.68,10,13,0,basico,tarjeta,0,0
22,49.57,3,3,0,premium,efectivo,0,0
13,9.92,2,90,1,basico,tarjeta,1,1
45,14.69,5,82,1,basico,transferencia,1,1
3,5.27,5,35,0,basico,tarjeta,0,1
11,10.52,5,29,0,basico,tarjeta,1,0
20,21.46,5,8,0,estandar,tarjeta,0,0
18,26.2,10,1,0,estandar,tarjeta,1,0
45,7.86,3,14,0,basico,transferencia,0,0
8,33.28,7,18,0,estandar,transferencia,1,1
1,18.44,4,1,1,estandar,tarjeta,0,0
27,49.54,9,25,0,premium,tarjeta,0,0
16,48.51,9,8,0,premium,transferencia,0,0
27,26.24,4,64,2,estandar,transferencia,0,1
18,45.22,0,33,0,premium,tarjeta,0,0
1,32.42,0,73,3,estandar,transferencia,0,1
19,34.88,8,9,1,estandar,tarjeta,0,0
8,24.17,4,55,2,estandar,tarjeta,0,1
11,12.63,1,21,2,basico,transferencia,1,1
13,22.79,10,3,0,estandar,transferencia,0,0
5,40.32,14,90,1,premium,transferencia,1,1
7,13.85,6,25,0,basico,tarjeta,0,0
23,46.0,7,4,0,premium,tarjeta,0,0
23,38.56,8,21,1,premium,transferencia,0,0
3,13.82,0,24,0,basico,tarjeta,0,1
16,26.13,14,13,1,estandar,tarjeta,1,0
25,42.6,12,2,0,premium,transferencia,1,0
15,42.33,10,12,0,premium,tarjeta,0,0
17,13.7,5,38,0,basico,tarjeta,0,1
3,18.44,4,32,2,basico,tarjeta,0,1
31,26.59,11,32,0,estandar,efectivo,0,0
5,15.12,8,40,2,basico,tarjeta,0,1
10,8.67,5,13,1,basico,tarjeta,1,0
25,10.34,3,30,0,basico,tarjeta,0,0
39,14.43,10,4,0,basico,tarjeta,0,0
11,19.57,3,13,0,estandar,tarjeta,0,0
53,25.83,7,12,0,estandar,transferencia,0,0
15,26.97,5,3,0,estandar,tarjeta,1,0
14,24.85,13,9,0,estandar,tarjeta,0,0
6,13.28,7,25,0,basico,tarjeta,0,1
11,12.23,0,56,0,basico,tarjeta,0,1
16,9.51,9,1,1,basico,tarjeta,0,0
20,7.29,10,65,0,basico,transferencia,0,1
20,11.64,5,1,1,basico,transferencia,0,0
10,17.22,1,30,1,basico,transferencia,0,0
34,16.1,9,17,1,basico,tarjeta,0,0
15,10.62,7,69,4,basico,efectivo,0,1
14,23.54,11,18,0,estandar,transferencia,0,0
6,23.24,0,29,1,estandar,tarjeta,0,1
22,43.24,6,11,1,premium,tarjeta,0,0
13,26.15,10,8,1,estandar,transferencia,0,0
11,29.23,13,7,1,estandar,tarjeta,0,0
4,21.05,5,4,1,basico,tarjeta,0,0
4,21.68,13,75,2,estandar,transferencia,0,1
18,14.6,9,24,1,basico,tarjeta,0,1
37,14.17,11,15,1,basico,efectivo,0,0
12,10.68,3,82,0,basico,tarjeta,0,1
12,7.9,11,39,0,basico,tarjeta,0,0
22,13.1,10,7,0,basico,tarjeta,0,0
30,33.48,5,6,0,estandar,tarjeta,0,0
9,46.08,9,45,0,premium,efectivo,0,0
6,21.85,4,4,0,estandar,transferencia,1,0
13,24.37,8,22,1,estandar,efectivo,0,1
20,20.44,7,9,0,estandar,tarjeta,0,0
1,12.07,9,44,0,basico,tarjeta,0,1
10,27.73,13,20,0,estandar,tarjeta,0,0
12,22.23,10,12,0,estandar,tarjeta,0,0
11,5.0,3,2,2,basico,efectivo,1,0
4,13.11,3,3,5,basico,tarjeta,0,1
10,42.99,3,16,0,premium,tarjeta,0,0
12,22.0,2,23,1,estandar,tarjeta,0,0
7,21.96,3,22,0,estandar,transferencia,0,0
17,26.6,9,51,0,estandar,tarjeta,0,1
24,10.37,4,14,0,basico,transferencia,0,0
25,28.72,10,28,1,estandar,transferencia,0,1
8,15.81,5,17,1,basico,transferencia,0,0
19,10.92,10,46,0,basico,tarjeta,1,0
18,22.92,9,4,0,estandar,tarjeta,0,0
43,12.51,11,16,0,basico,tarjeta,0,0
19,24.42,9,40,0,estandar,efectivo,0,1
20,5.0,4,35,0,basico,efectivo,0,1
28,32.66,12,7,0,estandar,tarjeta,1,0
5,27.86,11,8,0,estandar,tarjeta,0,0
14,23.15,5,22,1,estandar,tarjeta,0,0
39,17.33,8,16,1,estandar,transferencia,0,0
39,44.28,14,6,0,premium,tarjeta,0,0
10,22.65,2,90,1,estandar,tarjeta,1,1
38,24.76,4,1,0,estandar,transferencia,0,0
11,16.34,5,0,0,estandar,tarjeta,0,0
17,10.11,2,29,0,basico,tarjeta,0,1
3,10.35,3,34,1,basico,tarjeta,0,1
33,11.23,7,24,1,basico,tarjeta,0,0
11,11.06,12,1,0,basico,transferencia,0,0
4,12.21,8,17,0,basico,tarjeta,0,0
12,18.08,5,68,0,basico,tarjeta,1,1
1,22.94,5,54,2,estandar,tarjeta,1,1
21,8.36,14,9,0,basico,tarjeta,1,1
29,38.09,6,2,1,premium,transferencia,0,0
6,9.96,6,2,0,basico,transferencia,1,0
6,19.39,9,43,3,estandar,tarjeta,1,1
20,15.84,3,8,1,basico,tarjeta,0,0
22,24.62,9,27,0,estandar,tarjeta,0,0
8,15.76,3,28,0,basico,tarjeta,0,1
7,30.86,9,17,1,estandar,tarjeta,0,0
26,8.54,5,34,0,basico,efectivo,0,0
4,43.61,11,3,2,premium,tarjeta,0,0
10,17.33,4,19,0,basico,tarjeta,1,0
6,25.76,10,20,0,estandar,tarjeta,0,1
20,14.09,5,9,0,basico,transferencia,0,1
7,29.13,1,9,3,estandar,tarjeta,0,0
28,28.59,6,2,2,estandar,efectivo,1,1
9,13.64,6,0,0,basico,tarjeta,0,0
18,17.59,17,55,0,basico,transferencia,0,1
7,11.73,9,10,1,basico,transferencia,0,0
15,14.08,7,12,0,basico,tarjeta,0,0
8,44.29,4,39,1,premium,tarjeta,0,1
5,16.08,7,2,2,basico,tarjeta,0,0
22,9.2,9,4,2,basico,transferencia,0,1
7,38.27,4,26,1,premium,efectivo,0,1
7,14.62,8,17,0,basico,tarjeta,0,0
14,7.92,9,11,0,basico,tarjeta,0,0
16,20.52,13,13,0,estandar,tarjeta,1,0
5,50.06,13,37,1,premium,tarjeta,0,0
19,28.87,7,31,0,estandar,transferencia,0,0
7,23.63,5,16,3,estandar,tarjeta,0,0
4,32.82,7,17,2,premium,tarjeta,0,0
11,14.13,12,5,0,basico,efectivo,0,0
10,47.65,10,17,3,premium,transferencia,0,1
18,47.07,6,17,0,premium,transferencia,0,0
44,46.88,5,20,1,premium,tarjeta,0,0
14,11.27,9,10,1,basico,efectivo,1,1
20,10.36,13,9,1,basico,tarjeta,0,0
3,20.58,5,19,0,estandar,tarjeta,0,0
29,22.21,8,12,0,estandar,tarjeta,1,0
12,26.29,7,40,4,estandar,efectivo,1,1
4,46.35,13,79,0,premium,tarjeta,0,1
28,28.16,9,0,1,estandar,transferencia,0,0
12,6.37,6,13,0,basico,transferencia,0,0
25,5.36,13,24,2,basico,transferencia,0,0
47,10.48,11,3,1,basico,transferencia,0,0
3,7.92,11,13,0,basico,efectivo,0,0
7,12.74,12,9,0,basico,tarjeta,0,1
22,39.76,3,20,1,premium,tarjeta,0,0
13,29.72,3,4,1,estandar,transferencia,0,0
1,21.71,2,9,0,estandar,tarjeta,0,0
10,18.37,4,26,1,basico,tarjeta,0,0
11,27.1,6,41,0,estandar,transferencia,1,1
12,40.78,9,14,1,premium,tarjeta,0,0
7,53.38,11,0,0,premium,transferencia,1,0
34,26.06,5,2,1,estandar,tarjeta,0,0
3,45.66,3,3,1,premium,efectivo,1,1
17,24.74,5,7,1,estandar,tarjeta,0,0
8,26.87,10,1,0,estandar,transferencia,1,0
8,47.1,9,48,2,premium,efectivo,1,1
31,8.54,6,11,1,basico,tarjeta,1,0
11,11.15,13,23,1,basico,tarjeta,0,0
17,12.46,5,17,0,basico,tarjeta,0,0
23,27.33,8,49,1,estandar,tarjeta,1,1
13,27.4,4,21,2,estandar,tarjeta,0,0
31,25.66,7,23,0,estandar,tarjeta,1,0
4,9.8,5,16,0,basico,efectivo,0,1
18,9.59,3,48,0,basico,tarjeta,0,0
44,40.23,6,10,0,premium,tarjeta,0,0
17,14.37,3,44,0,basico,tarjeta,0,1
2,42.54,6,5,0,premium,tarjeta,0,0
18,11.23,10,89,0,basico,tarjeta,0,1
35,25.95,5,25,0,estandar,efectivo,0,0
10,25.02,3,13,1,estandar,transferencia,0,0
10,44.98,3,57,0,premium,tarjeta,1,1
22,8.38,8,3,2,basico,transferencia,0,0
19,46.08,6,2,0,premium,tarjeta,0,0
14,23.75,5,35,0,estandar,tarjeta,1,0
7,24.65,7,3,0,estandar,transferencia,0,0
9,29.63,2,5,0,estandar,tarjeta,0,1
6,14.02,7,64,0,basico,tarjeta,1,1
2,22.72,5,5,1,estandar,efectivo,1,1
29,11.4,4,0,1,basico,tarjeta,1,0
22,18.4,6,17,0,basico,tarjeta,0,0
21,23.77,8,53,0,estandar,tarjeta,1,1
21,25.16,13,18,0,estandar,transferencia,0,0
11,14.66,6,13,0,basico,transferencia,1,0
10,12.86,6,37,1,basico,efectivo,0,1
4,10.51,9,48,0,basico,tarjeta,0,1
24,9.03,6,14,0,basico,transferencia,1,0
60,24.96,14,4,1,estandar,tarjeta,0,0
18,14.63,17,31,0,basico,tarjeta,0,0
26,50.28,4,16,1,premium,tarjeta,0,0
26,6.14,4,8,0,basico,transferencia,0,0
36,19.05,3,18,0,basico,tarjeta,0,0
6,43.85,0,18,1,premium,transferencia,1,1
3,15.7,5,29,1,basico,tarjeta,1,1
15,9.05,7,26,0,basico,tarjeta,0,0
12,38.56,2,24,1,premium,efectivo,1,1
58,39.75,9,2,0,premium,transferencia,0,0
6,23.68,6,20,1,estandar,tarjeta,1,0
44,14.1,20,45,0,basico,transferencia,0,0
12,25.12,10,3,0,estandar,tarjeta,0,0
5,44.0,4,47,1,premium,transferencia,0,1
39,49.47,7,31,0,premium,tarjeta,0,0
7,12.01,6,31,0,basico,tarjeta,0,0
26,13.12,8,15,1,basico,tarjeta,0,0
16,24.44,9,1,0,basico,tarjeta,0,0
44,11.97,4,27,0,basico,tarjeta,0,1
30,22.22,7,11,0,estandar,tarjeta,0,0
12,13.92,10,19,1,basico,efectivo,0,1
39,14.94,5,26,2,basico,tarjeta,0,0
19,13.2,10,14,1,basico,tarjeta,1,0
14,25.63,1,17,1,estandar,tarjeta,0,0
15,17.93,8,13,0,basico,transferencia,1,1
27,17.43,16,10,0,basico,tarjeta,1,0
11,11.53,6,9,0,basico,tarjeta,0,0
9,42.43,7,4,0,premium,transferencia,0,0
7,13.72,0,42,0,basico,tarjeta,0,1
18,22.4,1,6,1,estandar,efectivo,0,0
8,15.54,9,43,0,basico,tarjeta,0,1
27,13.7,7,20,2,basico,transferencia,0,0
11,22.68,4,44,0,basico,tarjeta,0,1
20,17.89,0,42,1,basico,transferencia,1,1
31,7.69,6,3,0,basico,transferencia,1,0
37,22.92,4,16,0,estandar,tarjeta,1,0
16,17.34,4,30,0,estandar,tarjeta,0,0
2,5.0,8,40,1,basico,tarjeta,0,0
2,12.46,1,16,1,basico,tarjeta,1,1
27,20.23,5,4,3,estandar,efectivo,0,1
6,18.56,6,6,2,basico,tarjeta,0,0
11,16.63,3,23,1,basico,transferencia,1,1
29,10.91,8,11,0,basico,efectivo,0,0
9,10.69,11,11,0,basico,transferencia,0,0
4,30.94,10,0,1,estandar,transferencia,1,0
11,51.86,2,54,1,premium,tarjeta,0,0
23,41.27,10,43,1,premium,tarjeta,0,0
9,40.76,8,19,0,premium,tarjeta,0,0
21,10.8,4,25,1,basico,tarjeta,0,0
5,13.72,9,33,0,basico,tarjeta,1,1
7,9.95,3,8,1,basico,tarjeta,0,0
11,13.81,6,18,0,basico,tarjeta,0,0
32,19.8,8,25,0,basico,tarjeta,0,0
10,6.38,6,1,1,basico,tarjeta,0,0
9,23.22,6,65,1,estandar,tarjeta,0,1
9,6.45,8,5,0,basico,tarjeta,0,0
21,8.65,7,10,1,basico,tarjeta,0,0
25,23.82,3,12,2,estandar,transferencia,0,0
31,9.09,6,3,1,basico,transferencia,1,0
48,47.08,15,9,0,premium,tarjeta,0,0
18,12.6,3,14,0,basico,tarjeta,0,1
8,26.2,4,3,0,estandar,tarjeta,0,0
12,10.77,7,28,1,basico,tarjeta,1,0
6,24.14,18,10,0,estandar,tarjeta,0,0
15,10.6,3,46,0,basico,efectivo,0,1
7,11.01,8,0,0,basico,tarjeta,0,0
31,26.68,9,42,1,estandar,tarjeta,1,0
17,5.0,8,3,1,basico,transferencia,0,0
38,13.15,8,8,0,basico,tarjeta,0,0
24,41.53,8,32,0,premium,tarjeta,0,0
23,10.64,7,2,1,basico,tarjeta,0,0
4,18.75,3,81,0,estandar,efectivo,0,1
21,23.57,5,6,1,estandar,tarjeta,1,0
48,13.11,2,5,2,basico,transferencia,0,0
10,26.83,6,2,1,estandar,transferencia,0,0
28,7.25,8,26,0,basico,tarjeta,1,0
3,26.64,4,29,0,estandar,transferencia,0,1
6,16.56,1,13,0,basico,tarjeta,0,1
13,10.03,9,27,0,basico,tarjeta,0,0
9,12.0,7,20,1,basico,tarjeta,1,0
7,36.73,7,0,0,premium,efectivo,0,0
9,21.41,10,0,0,estandar,tarjeta,0,0
20,46.08,13,7,1,premium,tarjeta,0,0
28,28.82,10,20,0,estandar,efectivo,0,1
21,22.6,12,21,1,estandar,tarjeta,0,0
22,35.68,6,19,0,estandar,efectivo,0,1
14,46.26,12,1,1,premium,transferencia,1,0
6,19.91,11,32,3,estandar,tarjeta,0,1
13,17.15,22,10,0,basico,transferencia,0,0
16,19.99,6,22,1,estandar,transferencia,0,0
29,26.31,14,10,0,estandar,tarjeta,0,0
42,8.28,7,20,0,basico,efectivo,0,1
18,6.57,9,2,0,basico,efectivo,0,0
27,15.85,11,31,1,basico,efectivo,1,1
1,43.96,8,9,0,premium,transferencia,0,0
11,18.9,7,15,1,basico,tarjeta,0,1
14,40.93,1,7,1,premium,tarjeta,0,0
20,5.76,5,4,0,basico,tarjeta,0,0
42,23.08,4,4,0,estandar,tarjeta,0,0
18,23.56,4,5,1,basico,transferencia,0,0
3,48.34,9,19,0,premium,transferencia,0,0
22,27.22,7,26,0,estandar,tarjeta,0,1
10,14.35,9,14,0,basico,tarjeta,1,0
20,10.06,2,30,1,basico,transferencia,0,0
23,22.92,0,20,1,basico,tarjeta,1,0
3,13.83,6,21,0,basico,efectivo,0,1
13,26.46,13,21,1,estandar,transferencia,0,0
13,48.94,6,35,1,premium,tarjeta,0,0
17,19.91,4,6,1,estandar,tarjeta,1,0
8,21.48,11,90,0,estandar,transferencia,0,1
6,11.02,3,20,0,basico,tarjeta,1,0
42,48.97,11,32,0,premium,transferencia,0,0
16,39.81,7,50,2,premium,tarjeta,1,1
7,11.73,2,25,1,basico,tarjeta,1,0
9,44.16,15,48,0,premium,tarjeta,1,1
43,5.7,12,11,0,basico,transferencia,0,0
33,42.96,9,18,1,premium,efectivo,0,0
8,47.17,5,3,0,premium,efectivo,0,0
6,19.07,5,2,3,estandar,tarjeta,0,0
6,17.65,13,4,0,basico,transferencia,0,0
30,26.87,6,23,0,estandar,tarjeta,1,0
10,13.38,10,8,2,basico,tarjeta,0,0
4,25.03,2,13,2,estandar,efectivo,0,1
9,7.63,3,3,1,basico,tarjeta,0,0
17,22.4,7,73,1,estandar,efectivo,0,1
13,46.45,1,63,2,premium,tarjeta,1,1
33,9.39,7,9,1,basico,tarjeta,0,0
17,12.75,12,17,0,basico,tarjeta,0,0
19,21.4,0,30,3,estandar,efectivo,0,1
26,13.81,11,4,0,basico,tarjeta,1,0
25,14.1,8,1,0,basico,transferencia,0,0
9,5.49,5,9,0,basico,tarjeta,0,0
6,12.27,6,19,1,basico,transferencia,0,1
17,18.91,2,90,0,estandar,tarjeta,0,1
15,17.56,3,25,0,estandar,tarjeta,0,0
18,9.62,11,9,1,basico,transferencia,0,0
19,36.19,9,50,1,estandar,transferencia,0,1
40,15.1,9,9,0,basico,tarjeta,1,0
11,17.57,6,8,5,basico,tarjeta,0,1
19,27.43,8,11,1,estandar,tarjeta,0,0
6,12.82,8,1,0,basico,efectivo,0,0
7,28.58,4,2,0,estandar,transferencia,1,0
14,42.44,8,89,2,premium,transferencia,0,1
6,26.88,9,15,0,estandar,transferencia,0,0
22,29.71,7,28,0,estandar,transferencia,1,1
20,14.8,10,9,1,basico,tarjeta,0,0
8,16.97,7,22,1,basico,tarjeta,0,0
12,12.73,9,22,0,basico,transferencia,1,1
31,31.77,15,20,0,estandar,tarjeta,0,0
16,44.17,12,7,1,premium,tarjeta,0,0
55,20.47,12,2,2,basico,transferencia,0,0
12,14.29,5,13,1,basico,efectivo,0,1
13,10.46,9,3,0,basico,transferencia,0,0
14,20.28,2,26,1,estandar,tarjeta,0,0
3,21.77,1,18,1,estandar,efectivo,0,0
13,21.16,11,32,2,estandar,tarjeta,0,0
12,44.65,13,6,0,premium,tarjeta,1,0
23,6.9,16,1,0,basico,efectivo,0,0
31,30.17,2,1,1,estandar,transferencia,0,0
11,25.44,4,16,3,estandar,efectivo,1,1
2,12.28,4,5,1,basico,transferencia,0,0
16,40.34,3,0,2,premium,transferencia,0,0
6,8.92,11,0,1,basico,tarjeta,1,0
17,16.12,8,1,0,estandar,tarjeta,1,0
17,31.47,5,4,0,estandar,efectivo,0,0
8,39.33,8,3,0,premium,efectivo,0,0
16,19.63,8,8,3,estandar,tarjeta,0,0
4,17.65,6,5,1,basico,tarjeta,1,1
18,46.55,12,21,0,premium,tarjeta,0,0
25,25.48,1,19,1,estandar,tarjeta,0,0
20,26.36,9,12,1,estandar,efectivo,0,0
9,28.82,9,3,2,estandar,tarjeta,0,0
24,12.4,4,31,0,basico,tarjeta,0,0
22,18.83,9,7,0,estandar,efectivo,0,1
22,47.93,13,1,0,premium,tarjeta,1,0
34,13.69,8,8,0,basico,tarjeta,0,0
19,29.69,4,25,0,estandar,tarjeta,1,0
6,40.0,4,26,1,premium,tarjeta,0,1
7,22.08,9,13,0,estandar,tarjeta,1,0
19,46.57,6,20,0,premium,tarjeta,0,0
3,8.22,1,1,1,basico,tarjeta,1,0
13,35.59,4,15,0,premium,tarjeta,1,0
11,12.79,8,30,1,basico,tarjeta,0,0
21,28.58,5,6,0,estandar,tarjeta,1,0
5,24.48,8,11,1,estandar,efectivo,0,1
22,27.19,6,4,0,estandar,tarjeta,1,0
12,46.61,0,14,3,premium,tarjeta,0,1
18,25.04,7,33,0,estandar,efectivo,0,1
5,25.54,10,42,0,estandar,tarjeta,0,0
22,17.4,14,56,0,basico,tarjeta,0,1
28,21.14,11,3,0,estandar,transferencia,0,0
60,28.09,7,21,0,estandar,tarjeta,0,0
17,7.28,5,50,0,basico,tarjeta,0,0
27,21.82,11,35,1,estandar,transferencia,0,0
6,49.78,13,5,0,premium,transferencia,1,0
33,20.16,6,3,0,estandar,tarjeta,0,0
4,24.03,2,12,0,estandar,tarjeta,0,0
41,21.45,8,0,0,basico,tarjeta,0,0
16,29.1,7,31,0,estandar,transferencia,1,0
4,9.05,2,3,0,basico,tarjeta,0,0
11,9.74,12,17,0,basico,tarjeta,0,0
27,24.32,9,23,0,estandar,tarjeta,1,0
13,17.25,5,14,1,basico,efectivo,0,1
13,7.99,7,10,1,basico,tarjeta,0,0
25,20.75,6,22,0,estandar,tarjeta,1,0
13,14.85,7,11,0,basico,tarjeta,0,0
31,5.28,11,8,1,basico,transferencia,1,0
9,8.36,1,41,0,basico,tarjeta,1,1
3,24.66,6,15,0,estandar,efectivo,0,0
14,11.86,16,9,0,basico,tarjeta,0,0
15,19.54,11,16,1,estandar,tarjeta,1,0
9,26.41,9,33,0,estandar,tarjeta,1,0
18,14.22,4,9,1,basico,tarjeta,0,0
4,42.35,6,10,3,premium,tarjeta,0,0
18,18.64,5,40,1,basico,transferencia,0,1
6,26.36,6,22,0,estandar,tarjeta,0,0
4,7.98,1,10,2,basico,transferencia,0,0
15,31.48,1,25,3,estandar,tarjeta,0,1
4,9.91,5,54,0,basico,tarjeta,0,0
2,45.72,3,17,2,premium,tarjeta,1,1
20,10.05,4,29,0,basico,tarjeta,0,0
6,27.5,7,6,0,estandar,tarjeta,0,0
21,10.07,19,3,0,basico,efectivo,0,0
12,10.32,5,21,0,basico,efectivo,1,1
15,11.36,2,4,1,basico,transferencia,0,0
27,22.99,11,1,1,estandar,efectivo,0,0
19,29.29,1,3,1,estandar,tarjeta,0,0
21,39.97,3,29,1,premium,tarjeta,0,0
21,24.85,6,4,1,estandar,tarjeta,1,0
8,45.36,1,7,0,premium,efectivo,0,0
18,11.5,6,7,1,basico,tarjeta,0,0
7,28.87,3,13,0,estandar,tarjeta,0,0
18,18.98,4,8,1,estandar,transferencia,0,0
11,27.27,6,22,0,estandar,tarjeta,1,1
13,40.02,6,18,1,premium,transferencia,0,0
38,22.96,12,0,0,estandar,tarjeta,0,0
20,39.61,3,24,1,premium,transferencia,0,0
9,23.67,2,35,3,estandar,efectivo,1,1
3,9.69,6,33,0,basico,transferencia,0,0
15,31.55,9,13,0,estandar,tarjeta,1,0
4,25.97,2,2,0,estandar,tarjeta,0,0
42,46.76,8,4,0,premium,tarjeta,0,0
13,40.57,5,7,0,premium,tarjeta,1,0
25,14.96,15,15,0,basico,tarjeta,0,0
5,18.55,8,30,0,basico,tarjeta,0,0
20,15.48,9,25,1,basico,tarjeta,0,0
29,19.75,6,6,2,estandar,tarjeta,0,0
21,10.14,8,67,0,basico,efectivo,0,1
24,25.43,6,11,1,estandar,tarjeta,0,0
19,22.69,3,24,2,estandar,tarjeta,1,0
10,55.13,9,4,0,premium,tarjeta,0,0
7,10.07,11,50,0,basico,tarjeta,0,1
8,24.83,7,16,0,estandar,efectivo,0,0
42,9.6,13,42,0,basico,tarjeta,0,0
16,45.93,4,14,2,premium,transferencia,1,0
31,17.53,6,21,2,basico,transferencia,0,0
9,12.46,12,11,1,basico,transferencia,0,0
23,11.12,5,24,0,basico,transferencia,0,0
7,40.7,3,43,1,premium,transferencia,0,1
12,16.84,6,24,1,basico,tarjeta,0,0
10,24.43,1,5,2,estandar,tarjeta,0,1
39,24.25,5,0,1,estandar,transferencia,1,0
8,15.64,2,4,1,estandar,tarjeta,0,0
22,11.49,7,31,0,basico,tarjeta,0,0
19,10.4,9,9,1,basico,tarjeta,0,1
5,5.0,7,27,0,basico,tarjeta,0,0
31,15.96,6,1,1,basico,tarjeta,0,0
33,22.86,5,5,0,estandar,tarjeta,0,0
17,19.58,5,3,1,basico,tarjeta,1,0
15,17.66,8,78,0,basico,tarjeta,0,1
3,9.12,11,34,0,basico,tarjeta,0,0
4,30.48,2,18,4,estandar,transferencia,0,1
12,18.44,1,40,0,basico,tarjeta,0,1
7,22.76,14,4,0,estandar,transferencia,0,0
26,7.87,13,7,1,basico,tarjeta,1,0
4,36.38,11,0,0,premium,tarjeta,0,0
4,26.52,7,26,1,estandar,transferencia,0,1
20,8.11,17,8,0,basico,transferencia,0,0
18,13.64,3,63,0,basico,transferencia,0,1
16,9.73,9,10,1,basico,transferencia,0,0
23,8.88,7,10,1,basico,transferencia,0,0
9,9.75,4,30,0,basico,transferencia,0,0
10,39.8,10,39,0,premium,transferencia,0,0
18,22.75,8,4,0,estandar,transferencia,0,0
16,9.05,5,8,0,basico,tarjeta,0,0
7,24.94,0,14,2,estandar,tarjeta,0,1
28,12.42,6,28,0,basico,tarjeta,0,0
5,40.72,4,7,0,premium,tarjeta,0,0
11,16.4,5,14,2,basico,transferencia,0,0
6,24.36,3,10,1,estandar,tarjeta,0,1
54,31.01,13,11,0,estandar,tarjeta,0,0
15,12.96,8,3,1,basico,transferencia,1,0
6,12.28,4,4,1,basico,tarjeta,0,0
10,10.04,2,5,1,basico,transferencia,0,0
18,47.46,6,46,0,premium,tarjeta,0,1
25,25.13,4,36,1,estandar,tarjeta,0,1
7,28.43,12,25,0,estandar,tarjeta,0,0
35,31.42,16,20,0,estandar,tarjeta,0,0
15,42.09,2,44,1,premium,tarjeta,0,0
20,27.45,11,75,1,estandar,tarjeta,0,1
10,27.34,8,6,2,estandar,tarjeta,0,0
18,26.83,3,15,1,estandar,tarjeta,0,1
9,10.27,1,90,1,basico,transferencia,0,1
11,43.35,4,1,3,premium,tarjeta,0,0
26,9.66,5,6,1,basico,tarjeta,1,0
20,9.59,8,52,1,basico,tarjeta,1,1
11,41.64,5,9,3,premium,efectivo,0,1
25,11.58,14,8,0,basico,transferencia,0,0
17,8.97,1,34,0,basico,efectivo,1,1
2,13.74,11,12,0,basico,efectivo,0,0
13,25.23,6,6,0,estandar,tarjeta,0,0
26,45.68,12,13,0,premium,transferencia,0,0
41,10.91,4,47,1,basico,tarjeta,0,1
6,12.28,1,74,1,basico,efectivo,0,1
25,24.01,5,7,0,estandar,tarjeta,0,0
14,48.12,9,0,0,premium,tarjeta,0,0
5,10.23,3,0,0,basico,efectivo,0,0
6,46.5,7,14,0,premium,transferencia,0,0
6,39.77,11,5,0,premium,efectivo,0,0
4,14.85,1,18,0,basico,tarjeta,0,0
5,42.76,4,33,0,premium,tarjeta,0,1
15,21.35,4,5,0,estandar,tarjeta,0,0
2,20.44,3,24,0,estandar,tarjeta,1,0
7,7.13,7,13,0,basico,tarjeta,0,0
11,43.07,2,1,1,premium,tarjeta,1,0
7,30.99,3,22,0,estandar,transferencia,0,1
4,22.43,6,34,3,estandar,tarjeta,1,1
14,36.16,7,6,2,premium,transferencia,0,0
7,26.46,3,1,0,estandar,efectivo,0,0
8,40.54,4,32,0,premium,transferencia,1,1
13,48.26,7,19,0,premium,tarjeta,1,0
21,10.32,10,1,0,basico,tarjeta,0,0
8,10.9,4,13,1,basico,tarjeta,0,0
9,16.79,6,18,1,basico,transferencia,0,0
5,47.47,10,7,0,premium,tarjeta,0,0
25,7.01,9,1,0,basico,tarjeta,1,0
14,20.6,5,8,0,estandar,efectivo,0,1
24,5.0,10,20,1,basico,transferencia,0,0
27,22.41,2,79,2,basico,transferencia,1,1
8,21.55,9,18,1,estandar,tarjeta,0,0
23,16.68,9,1,0,basico,efectivo,0,0
15,42.87,7,9,0,premium,tarjeta,0,0
9,7.68,5,5,2,basico,tarjeta,0,0
8,45.09,3,0,2,premium,efectivo,0,0
14,10.69,6,39,1,basico,efectivo,0,1
16,48.21,3,28,1,premium,tarjeta,1,0
2,28.26,4,27,1,estandar,tarjeta,1,1
10,9.64,9,3,1,basico,tarjeta,0,0
16,6.24,17,1,0,basico,transferencia,1,0
19,7.21,4,13,0,basico,transferencia,0,0
13,15.87,5,13,0,estandar,tarjeta,0,0
18,43.9,8,14,0,premium,tarjeta,1,0
8,11.95,3,2,1,basico,transferencia,1,0
18,7.43,1,23,3,basico,transferencia,0,1
16,19.95,12,2,0,estandar,tarjeta,0,0
27,24.94,6,3,0,estandar,tarjeta,0,0
36,22.47,6,7,1,estandar,efectivo,0,1
27,24.15,8,8,0,estandar,tarjeta,0,0
11,23.53,6,45,1,estandar,tarjeta,0,0
5,45.99,14,31,1,premium,transferencia,0,0
7,9.74,4,30,0,basico,tarjeta,0,1
35,10.05,13,15,0,basico,efectivo,1,0
15,5.0,9,29,0,basico,transferencia,0,0
17,24.8,5,2,0,estandar,tarjeta,1,0
24,12.35,12,9,1,basico,tarjeta,0,0
14,44.29,8,15,2,premium,transferencia,0,0
30,32.65,9,17,0,estandar,tarjeta,1,0
5,25.65,0,26,0,estandar,tarjeta,0,0
19,24.37,3,55,0,estandar,tarjeta,0,1
42,14.0,12,37,0,basico,tarjeta,0,0
31,53.45,7,8,0,premium,efectivo,0,0
33,13.01,13,15,0,basico,transferencia,0,0
4,16.11,15,10,0,estandar,transferencia,0,0
16,46.73,12,2,0,premium,tarjeta,0,0
13,21.48,4,60,0,estandar,tarjeta,0,0
7,37.31,6,2,0,premium,efectivo,1,1
16,18.79,5,5,0,basico,tarjeta,0,0
5,50.93,10,47,0,premium,transferencia,0,1
18,21.38,10,19,0,estandar,tarjeta,0,0
7,21.41,17,49,0,estandar,tarjeta,0,1
18,12.64,1,3,1,basico,tarjeta,1,1
7,8.46,9,3,0,basico,tarjeta,0,0
11,24.46,8,88,0,estandar,tarjeta,0,1
10,9.15,5,58,2,basico,tarjeta,0,1
13,23.4,10,13,1,estandar,tarjeta,0,0
13,39.38,4,3,1,premium,tarjeta,0,0
10,48.31,8,13,0,premium,efectivo,0,1
6,16.82,9,28,1,basico,tarjeta,1,0
28,44.6,10,1,2,premium,transferencia,1,0
14,11.86,4,21,0,basico,tarjeta,0,0
17,27.52,4,6,1,estandar,tarjeta,1,0
10,45.01,8,22,1,premium,tarjeta,0,0
55,18.92,9,2,1,basico,efectivo,0,0
15,6.73,8,48,0,basico,transferencia,0,1
29,15.44,3,19,0,basico,efectivo,1,1
11,24.54,4,27,1,estandar,tarjeta,0,1
20,40.52,10,12,0,premium,transferencia,1,0
12,20.99,10,21,0,basico,transferencia,0,0
26,21.54,0,46,2,basico,efectivo,1,1
9,24.17,8,3,0,estandar,tarjeta,0,0
5,13.78,5,4,0,basico,efectivo,1,0
17,23.12,7,13,0,estandar,tarjeta,1,0
27,43.76,4,23,2,premium,transferencia,0,0
12,20.47,12,4,0,estandar,tarjeta,0,0
9,39.88,4,80,3,premium,tarjeta,0,1
5,32.38,12,6,0,estandar,tarjeta,1,0
27,44.84,1,4,1,premium,transferencia,0,0
7,12.2,5,39,0,basico,tarjeta,0,1
10,8.76,7,11,2,basico,tarjeta,0,0
10,25.76,8,74,0,estandar,tarjeta,0,1
13,5.98,15,3,1,basico,transferencia,1,0
20,41.91,9,28,0,premium,tarjeta,1,0
45,20.2,5,4,3,estandar,transferencia,0,0
17,50.17,10,54,0,premium,tarjeta,0,1
5,5.39,3,22,1,basico,transferencia,0,1
13,20.28,4,1,1,estandar,transferencia,0,0
17,16.81,9,25,2,estandar,transferencia,0,0
30,8.44,2,4,0,basico,transferencia,1,0
28,23.16,12,11,0,estandar,tarjeta,0,0
12,28.91,15,8,0,estandar,tarjeta,0,0
14,44.11,5,3,0,premium,transferencia,1,0
16,23.36,10,6,0,estandar,tarjeta,0,0
14,13.2,1,26,0,basico,tarjeta,0,0
13,23.23,1,27,0,estandar,transferencia,0,1
36,34.64,2,48,0,estandar,tarjeta,1,1
8,9.64,7,7,1,basico,tarjeta,0,0
25,13.65,13,25,1,basico,efectivo,1,0
22,15.31,8,29,1,basico,tarjeta,0,0
12,9.52,5,20,1,basico,tarjeta,0,1
8,25.66,8,24,0,estandar,tarjeta,0,0
14,10.0,10,29,0,basico,tarjeta,0,0
20,26.1,8,37,0,estandar,transferencia,0,0
1,12.4,2,81,0,basico,transferencia,0,1
5,24.44,0,5,1,estandar,tarjeta,0,0
1,7.38,13,29,1,basico,tarjeta,0,0
17,52.45,3,9,0,premium,tarjeta,0,0
16,14.35,7,5,0,basico,tarjeta,1,0
6,18.65,7,2,2,estandar,transferencia,1,0
7,10.32,2,30,1,basico,transferencia,1,0
16,5.72,5,10,0,basico,tarjeta,0,0
3,28.05,5,6,0,estandar,transferencia,1,0
21,44.91,17,17,0,premium,transferencia,0,0
11,45.02,11,90,0,premium,tarjeta,0,1
13,8.63,10,30,1,basico,transferencia,0,1
14,10.74,9,24,0,basico,transferencia,1,1
5,28.15,3,43,1,estandar,tarjeta,1,1
14,29.22,4,7,1,estandar,tarjeta,0,0
19,15.39,6,65,0,basico,transferencia,0,1
8,18.79,10,6,0,estandar,efectivo,0,0
7,24.26,4,13,1,estandar,tarjeta,0,0
43,26.01,7,17,0,estandar,tarjeta,0,0
6,9.06,8,3,0,basico,transferencia,0,0
10,5.36,10,34,0,basico,tarjeta,0,1
32,6.85,5,4,2,basico,tarjeta,0,0
3,31.0,14,64,1,estandar,tarjeta,0,1
12,7.23,10,5,0,basico,efectivo,0,0
19,25.19,9,2,2,estandar,transferencia,1,0
13,24.37,10,49,1,estandar,efectivo,0,1
3,24.38,3,54,0,estandar,tarjeta,1,1
5,10.72,5,15,1,basico,tarjeta,0,0
2,15.16,15,24,0,basico,tarjeta,0,1
11,25.14,3,5,0,estandar,tarjeta,0,0
17,22.5,9,14,0,estandar,tarjeta,1,0
8,45.21,2,1,1,premium,transferencia,0,0
10,6.89,6,60,0,basico,transferencia,0,1
10,46.9,0,4,0,premium,transferencia,0,0
29,9.28,4,18,0,basico,tarjeta,0,0
15,9.51,10,1,0,basico,tarjeta,0,0
14,14.05,11,27,0,basico,tarjeta,0,0
26,23.37,11,37,0,estandar,tarjeta,0,0
4,10.6,0,75,5,basico,tarjeta,1,1
15,16.67,7,29,0,basico,tarjeta,1,0
9,21.11,12,29,1,estandar,efectivo,1,1
31,26.99,3,14,0,estandar,tarjeta,0,1
26,15.8,11,71,0,basico,tarjeta,1,1
9,16.67,4,25,0,basico,tarjeta,0,0
11,33.71,5,3,0,estandar,transferencia,0,1
6,9.43,1,77,1,basico,tarjeta,1,1
23,8.53,10,0,1,basico,tarjeta,0,0
20,28.27,7,29,1,estandar,tarjeta,1,1
11,15.76,6,7,0,basico,tarjeta,1,0
11,21.84,6,90,1,estandar,transferencia,0,1
9,13.94,5,43,0,basico,tarjeta,0,1
30,22.9,4,24,0,basico,tarjeta,0,0
12,12.42,4,31,3,basico,transferencia,0,1
10,15.69,8,18,0,basico,tarjeta,0,0
22,18.31,7,17,1,basico,transferencia,0,1
1,22.01,13,23,0,basico,tarjeta,0,0
11,45.98,2,5,1,premium,transferencia,0,0
24,50.01,7,16,0,premium,tarjeta,0,0
35,8.85,3,28,0,basico,tarjeta,1,0
8,25.1,5,28,0,estandar,tarjeta,1,0
19,23.21,3,45,1,estandar,efectivo,0,1
8,37.46,2,30,2,premium,tarjeta,0,0
45,5.59,5,6,0,basico,efectivo,1,0
15,13.72,9,9,1,basico,efectivo,0,0
20,13.8,7,18,0,basico,tarjeta,0,1
2,7.83,8,11,1,basico,tarjeta,0,0
9,18.23,6,22,1,basico,tarjeta,0,1
22,40.56,3,12,0,premium,efectivo,1,0
4,46.03,10,1,0,premium,transferencia,0,0
15,10.34,10,16,0,basico,tarjeta,1,0
36,25.43,14,18,0,estandar,tarjeta,1,0
23,15.59,4,6,0,basico,transferencia,0,0
19,28.03,2,43,1,estandar,tarjeta,0,1
10,27.83,17,34,0,estandar,tarjeta,1,0
5,14.32,8,13,1,basico,tarjeta,1,1
13,39.91,2,16,1,premium,tarjeta,0,1
21,49.54,10,56,0,premium,efectivo,1,1
6,20.76,7,48,1,estandar,transferencia,0,1
23,24.58,5,36,0,estandar,tarjeta,0,0
15,23.59,0,14,0,estandar,tarjeta,0,0
7,13.4,7,78,0,basico,transferencia,0,1
3,10.06,11,38,1,basico,tarjeta,0,0
4,24.37,4,10,0,estandar,tarjeta,1,0
12,18.48,9,3,1,basico,tarjeta,0,0
28,39.82,2,5,1,premium,transferencia,0,0
7,11.99,9,0,2,basico,efectivo,0,0
30,7.54,15,9,0,basico,transferencia,1,0
3,14.7,1,5,0,basico,tarjeta,0,0
14,42.09,3,22,0,premium,transferencia,1,0
13,12.15,10,22,0,basico,tarjeta,0,0
17,6.7,4,17,0,basico,efectivo,0,0
15,17.17,6,15,2,basico,tarjeta,1,1
10,25.29,4,23,0,estandar,tarjeta,0,1
10,45.55,7,42,0,premium,tarjeta,0,0
24,15.32,10,31,0,basico,tarjeta,1,1
14,39.99,3,48,2,premium,tarjeta,0,0
1,9.54,22,41,0,basico,tarjeta,0,0
10,25.68,3,11,0,estandar,transferencia,0,0
11,5.0,5,6,0,basico,transferencia,1,0
11,18.38,12,26,1,estandar,tarjeta,0,0
22,21.71,2,20,0,estandar,tarjeta,0,1
8,20.44,3,79,1,estandar,tarjeta,1,1
16,10.62,6,3,0,basico,tarjeta,1,0
36,47.09,6,26,2,premium,tarjeta,0,0
28,48.0,17,9,0,premium,efectivo,0,0
8,32.24,7,36,1,estandar,efectivo,0,1
15,24.91,1,28,0,estandar,tarjeta,0,1
1,25.62,2,17,0,estandar,transferencia,0,0
20,11.9,9,3,0,basico,transferencia,0,0
5,46.28,0,90,1,premium,tarjeta,1,1
13,13.59,6,22,0,basico,transferencia,0,0
12,28.69,2,5,0,estandar,tarjeta,1,1
27,15.67,8,26,0,basico,tarjeta,1,1
16,14.08,19,66,0,basico,efectivo,0,1
12,31.04,4,4,1,estandar,transferencia,0,0
21,25.11,8,3,2,estandar,tarjeta,0,0
30,42.55,13,18,0,premium,tarjeta,0,0
1,43.21,1,19,2,premium,efectivo,0,1
8,11.58,16,13,0,basico,tarjeta,1,1
37,7.67,14,5,0,basico,efectivo,0,0
48,9.55,8,18,1,basico,efectivo,1,1
7,20.44,4,30,0,estandar,tarjeta,0,0
24,26.38,7,9,0,estandar,transferencia,1,0
7,46.42,8,19,0,premium,transferencia,0,0
5,17.92,9,37,1,estandar,transferencia,0,1
12,9.38,10,0,1,basico,tarjeta,0,0
26,32.3,13,9,0,estandar,tarjeta,0,0
11,27.52,1,36,1,estandar,tarjeta,0,1
26,26.82,7,9,0,estandar,transferencia,0,0
27,9.34,6,31,0,basico,transferencia,0,1
9,13.15,11,30,0,basico,transferencia,1,1
9,11.94,18,9,0,basico,tarjeta,1,0
11,8.81,8,4,0,basico,tarjeta,0,0
14,23.02,6,8,3,estandar,tarjeta,0,0
12,10.11,12,32,0,basico,transferencia,0,1
14,19.05,12,12,0,estandar,tarjeta,0,0
10,19.71,14,4,0,estandar,transferencia,0,0
5,44.2,0,1,3,premium,tarjeta,0,0
42,8.61,6,2,2,basico,tarjeta,0,0
8,10.8,0,19,0,basico,efectivo,0,1
3,5.58,10,18,0,basico,tarjeta,0,0
22,15.21,16,50,0,basico,tarjeta,0,0
6,20.32,6,14,1,basico,transferencia,1,1
20,29.11,0,90,0,estandar,tarjeta,0,1
8,16.52,14,7,0,basico,efectivo,1,0
48,14.5,12,21,0,basico,efectivo,0,0
33,13.06,5,25,0,basico,transferencia,0,0
12,25.35,2,22,0,estandar,tarjeta,0,0
19,41.34,7,12,1,premium,tarjeta,0,0
16,27.76,5,36,0,estandar,efectivo,0,1
8,27.52,3,23,2,estandar,tarjeta,0,1
21,23.15,14,44,1,estandar,efectivo,0,1
14,27.1,6,14,2,estandar,transferencia,0,0
16,9.22,1,10,0,basico,tarjeta,0,0
20,22.48,13,7,0,estandar,tarjeta,0,0
13,28.1,8,33,0,estandar,transferencia,0,0
7,13.72,14,6,0,basico,tarjeta,1,0
19,24.07,11,27,0,estandar,tarjeta,0,0
22,23.61,4,18,1,estandar,transferencia,0,0
23,25.7,12,3,1,estandar,tarjeta,1,0
23,5.0,0,54,0,basico,tarjeta,0,1
17,21.97,2,28,0,estandar,transferencia,0,0
3,39.94,11,7,1,premium,transferencia,0,0
49,12.05,12,1,0,basico,tarjeta,1,0
22,16.35,13,24,0,basico,efectivo,0,0
10,13.91,14,35,0,basico,efectivo,1,1
25,9.95,4,9,3,basico,tarjeta,0,0
5,42.17,9,51,0,premium,tarjeta,0,0
20,21.98,10,1,0,estandar,transferencia,0,0
11,20.0,4,28,1,basico,tarjeta,1,0
6,12.27,7,2,1,basico,transferencia,0,0
6,45.8,12,12,0,premium,tarjeta,0,0
18,5.0,11,27,0,basico,tarjeta,0,0
20,20.28,17,21,0,estandar,tarjeta,0,0
7,11.82,3,45,0,basico,tarjeta,1,1
11,10.01,5,23,0,basico,efectivo,0,1
17,25.53,9,90,1,estandar,tarjeta,0,1
9,12.48,13,6,0,basico,efectivo,1,0
44,27.4,9,28,0,estandar,tarjeta,0,0
18,5.0,7,42,0,basico,transferencia,0,1
13,20.58,10,40,2,estandar,efectivo,0,1
27,24.6,2,10,1,estandar,tarjeta,1,1
20,22.41,11,1,2,estandar,tarjeta,0,0
17,10.76,6,17,0,basico,transferencia,0,0
19,25.44,8,24,2,estandar,transferencia,1,1
23,42.02,0,53,1,premium,tarjeta,0,1
8,12.77,9,16,0,basico,tarjeta,0,0
2,14.18,3,50,1,basico,transferencia,0,1
29,45.26,5,20,0,premium,tarjeta,0,0
14,14.88,10,21,0,basico,transferencia,0,0
10,16.31,9,23,0,estandar,tarjeta,0,0
7,22.66,2,8,0,estandar,tarjeta,0,0
6,15.57,8,56,1,basico,transferencia,0,1
15,21.54,14,78,0,estandar,tarjeta,0,1
13,21.0,6,12,1,estandar,efectivo,0,1
27,11.49,1,10,3,basico,tarjeta,0,1
20,44.93,5,14,2,premium,tarjeta,0,0
23,9.86,11,64,0,basico,tarjeta,0,1
26,19.37,14,12,0,basico,tarjeta,1,0
16,46.15,9,13,0,premium,transferencia,0,0
36,8.39,11,10,0,basico,transferencia,0,0
8,39.24,3,38,1,premium,transferencia,0,1
26,13.62,8,8,0,basico,tarjeta,0,0
2,21.29,10,12,0,estandar,tarjeta,0,0
2,20.61,1,7,0,basico,tarjeta,0,0
5,26.71,6,19,0,estandar,transferencia,1,0
13,27.24,3,4,1,estandar,tarjeta,0,0
2,45.99,17,1,0,premium,tarjeta,0,0
12,49.49,3,17,1,premium,tarjeta,1,1
10,15.42,0,4,0,estandar,tarjeta,0,0
46,20.19,13,23,0,estandar,transferencia,0,0
4,29.14,0,10,0,estandar,transferencia,0,1
15,51.0,11,29,1,premium,efectivo,1,1
20,20.06,9,9,0,estandar,tarjeta,0,0
3,37.73,10,13,2,premium,tarjeta,0,0
34,12.67,15,1,0,basico,tarjeta,0,0
22,26.94,7,76,2,estandar,transferencia,0,1
29,25.59,11,9,1,estandar,transferencia,1,0
17,11.76,17,3,0,basico,tarjeta,0,0
7,5.0,2,2,0,basico,transferencia,0,0
4,43.5,0,7,1,premium,tarjeta,0,0
24,11.1,17,30,0,basico,tarjeta,0,0
10,9.81,6,26,0,basico,tarjeta,1,0
2,5.0,6,24,1,basico,tarjeta,0,0
11,14.34,17,9,1,basico,efectivo,0,0
13,28.46,5,8,0,estandar,transferencia,0,0
32,41.82,10,10,0,premium,transferencia,0,0
11,44.26,5,11,2,premium,efectivo,0,0
13,23.01,9,22,1,estandar,transferencia,0,1
14,23.05,8,39,0,estandar,tarjeta,0,1
26,13.97,4,42,0,basico,tarjeta,0,0
8,47.07,14,2,0,premium,tarjeta,0,1
18,16.3,9,90,0,basico,efectivo,0,1
9,16.22,2,7,0,basico,efectivo,0,1
31,44.31,5,64,2,premium,transferencia,0,1
36,56.37,12,10,1,premium,tarjeta,0,0
15,18.2,2,90,2,basico,tarjeta,0,1
17,22.37,9,19,2,estandar,efectivo,0,0
11,25.51,11,34,0,estandar,tarjeta,0,0
2,5.0,5,22,1,basico,tarjeta,0,1
14,12.11,5,1,0,basico,tarjeta,0,0
13,18.69,7,28,1,basico,tarjeta,0,0
10,36.13,4,21,2,estandar,transferencia,1,1
11,11.51,7,19,1,basico,efectivo,0,0
18,26.34,3,1,0,estandar,transferencia,1,0
17,14.42,7,3,0,basico,tarjeta,0,0
12,52.92,13,39,0,premium,tarjeta,0,0
33,21.07,2,32,2,estandar,efectivo,1,1
2,55.62,3,2,2,premium,tarjeta,0,0
8,10.73,6,28,2,basico,tarjeta,0,1
23,20.32,8,1,1,estandar,transferencia,0,0
3,43.74,10,11,0,premium,tarjeta,0,0
2,8.76,5,32,0,basico,tarjeta,0,1
8,13.68,6,33,1,basico,efectivo,0,1
13,5.39,8,90,0,basico,transferencia,0,1
9,12.57,7,63,1,basico,tarjeta,1,1
15,14.66,4,10,1,basico,tarjeta,0,0
2,17.93,1,1,1,basico,efectivo,0,1
7,14.72,14,19,1,basico,transferencia,0,0
21,30.69,7,36,2,estandar,transferencia,0,1
18,9.58,8,18,0,basico,tarjeta,0,0
8,13.58,6,9,0,basico,efectivo,1,0
15,16.08,8,2,0,estandar,efectivo,0,0
13,11.54,12,15,0,basico,tarjeta,1,0
13,13.55,1,19,1,basico,tarjeta,0,0
16,13.91,11,34,0,basico,transferencia,0,0
37,5.7,4,42,1,basico,transferencia,0,0
38,23.44,7,24,0,estandar,transferencia,1,1
3,11.0,13,4,0,basico,efectivo,0,0
11,10.28,6,39,0,basico,transferencia,0,0
5,47.9,2,84,2,premium,tarjeta,1,1
17,44.13,15,23,0,premium,tarjeta,1,0
11,12.4,9,16,0,basico,transferencia,1,1
26,10.04,8,8,0,basico,tarjeta,0,0
13,29.26,3,3,0,estandar,tarjeta,0,0
34,49.56,14,6,0,premium,transferencia,0,0
39,43.77,9,23,0,premium,tarjeta,0,0
33,23.4,6,24,1,basico,transferencia,0,1
1,8.93,9,1,0,basico,tarjeta,1,0
16,16.03,4,9,0,basico,tarjeta,0,0
10,41.2,9,5,0,premium,tarjeta,0,0
12,48.09,2,27,0,premium,transferencia,0,1
23,14.78,14,54,1,basico,transferencia,0,1
11,20.95,8,38,0,estandar,tarjeta,0,0
14,11.48,17,10,0,basico,tarjeta,0,0
15,32.47,13,6,0,estandar,tarjeta,0,0
2,41.74,1,54,1,premium,transferencia,0,1
10,26.61,7,7,0,estandar,efectivo,0,1
28,13.34,6,13,0,basico,transferencia,0,0
2,24.83,8,7,0,estandar,tarjeta,0,0
20,5.08,10,22,0,basico,transferencia,0,0
7,48.31,0,9,0,premium,tarjeta,0,0
10,12.05,3,2,0,basico,tarjeta,1,0
22,49.42,6,12,0,premium,tarjeta,1,0
5,12.93,6,2,0,basico,tarjeta,1,0
11,12.26,6,11,0,basico,tarjeta,0,1
3,13.49,1,34,1,basico,transferencia,0,1
18,8.05,1,5,1,basico,tarjeta,0,0
7,18.23,1,90,1,basico,transferencia,0,1
4,23.5,9,9,3,estandar,efectivo,1,1
13,10.55,4,24,1,basico,tarjeta,0,0
3,17.17,16,11,0,basico,tarjeta,0,0
10,12.99,7,2,1,basico,transferencia,0,0
7,11.05,3,2,1,basico,tarjeta,0,0
16,46.66,10,24,0,premium,tarjeta,1,0
16,47.5,3,24,0,premium,tarjeta,0,0
8,11.53,5,58,1,basico,transferencia,0,1
33,28.69,7,31,2,estandar,transferencia,0,1
27,19.92,9,32,0,estandar,transferencia,1,0
6,46.05,6,16,0,premium,transferencia,0,0
52,15.2,9,47,1,basico,tarjeta,1,1
22,14.49,7,4,0,basico,transferencia,0,0
17,16.04,6,3,1,estandar,efectivo,0,1
18,44.49,12,29,1,premium,tarjeta,0,0
5,20.14,4,30,0,estandar,efectivo,0,1
30,30.14,6,23,0,estandar,efectivo,0,0
2,10.44,3,2,1,basico,tarjeta,0,0
17,29.7,7,5,1,estandar,tarjeta,0,0
27,40.13,4,17,0,premium,tarjeta,0,0
6,13.56,10,7,0,basico,transferencia,1,0
23,25.03,6,13,1,estandar,tarjeta,0,0
14,23.06,10,1,2,basico,tarjeta,0,0
24,29.71,4,13,0,estandar,transferencia,0,0
26,29.46,14,9,0,estandar,efectivo,1,0
35,33.11,7,13,1,estandar,transferencia,0,0
30,46.14,4,27,0,premium,transferencia,0,0
2,11.6,9,30,0,basico,tarjeta,0,0
6,11.15,7,7,1,basico,tarjeta,0,0
19,13.31,5,2,0,basico,transferencia,0,0
26,5.0,2,0,2,basico,tarjeta,1,1
5,12.01,2,43,1,basico,tarjeta,0,1
21,12.91,13,2,1,basico,efectivo,0,0
32,11.38,4,17,0,basico,tarjeta,0,0
26,5.88,1,60,2,basico,transferencia,0,1
21,11.4,6,27,0,basico,transferencia,1,0
13,18.87,6,1,1,estandar,transferencia,1,0
12,19.1,5,24,1,basico,tarjeta,1,0
47,23.97,19,9,0,estandar,tarjeta,0,0
1,36.75,2,6,3,premium,tarjeta,0,0
9,24.17,0,53,3,estandar,transferencia,0,1
6,15.58,4,7,1,basico,tarjeta,0,0
4,12.7,2,16,0,basico,tarjeta,0,1
20,21.34,7,7,1,estandar,transferencia,1,0
18,22.29,11,13,1,estandar,tarjeta,1,0
14,10.85,10,6,0,basico,tarjeta,0,0
18,10.24,8,5,0,basico,tarjeta,0,0
24,19.96,14,21,1,estandar,tarjeta,0,0
11,11.73,9,20,0,basico,tarjeta,0,0
19,19.67,8,1,2,estandar,tarjeta,0,0
11,15.8,17,14,0,basico,efectivo,0,0
20,16.28,4,78,1,basico,efectivo,1,1
32,40.99,8,90,0,premium,transferencia,0,1
25,9.13,5,17,0,basico,transferencia,1,1
39,23.31,7,35,3,estandar,transferencia,1,1
9,11.87,7,12,1,basico,efectivo,0,0
7,13.03,8,33,0,basico,tarjeta,0,0
18,46.85,8,63,1,premium,tarjeta,0,1
9,13.76,7,90,0,basico,transferencia,0,1
20,18.22,6,32,0,basico,efectivo,0,0
16,45.24,7,4,0,premium,tarjeta,0,0
6,19.79,4,28,3,estandar,tarjeta,0,1
19,18.56,10,6,2,estandar,tarjeta,0,0
7,18.54,1,90,0,basico,tarjeta,0,1
34,14.04,2,11,0,basico,transferencia,0,0
12,25.83,5,17,0,estandar,tarjeta,0,0
7,13.8,9,7,0,basico,efectivo,1,0
16,12.64,2,6,2,basico,transferencia,0,0
17,26.73,7,52,0,estandar,tarjeta,1,1
9,10.51,10,11,1,basico,transferencia,1,0
8,16.22,9,2,0,basico,transferencia,1,0
3,9.9,1,25,1,basico,tarjeta,0,0
24,8.39,3,7,2,basico,tarjeta,0,0
33,18.24,7,36,0,estandar,transferencia,1,0
27,44.05,8,21,2,premium,tarjeta,0,0
7,17.07,6,25,0,basico,tarjeta,0,0
18,10.17,9,7,0,basico,tarjeta,0,0
16,19.49,7,40,2,estandar,tarjeta,1,1
4,13.14,0,9,0,basico,transferencia,0,0
9,22.4,6,51,0,estandar,tarjeta,1,1
17,51.19,10,4,0,premium,transferencia,0,0
2,29.3,4,75,0,estandar,tarjeta,0,1
5,6.92,4,45,1,basico,transferencia,0,1
22,44.3,12,18,0,premium,tarjeta,1,0
7,8.98,8,29,0,basico,efectivo,0,0
4,40.36,10,53,2,premium,efectivo,0,1
26,24.78,3,45,1,estandar,tarjeta,0,1
7,28.27,0,39,1,estandar,transferencia,0,1
23,44.67,5,69,1,premium,tarjeta,0,1
39,22.94,13,25,0,estandar,transferencia,0,0
5,5.0,5,19,2,basico,transferencia,0,0
12,9.34,9,68,0,basico,tarjeta,1,1
16,27.21,2,7,0,estandar,tarjeta,0,0
26,19.63,8,0,2,estandar,tarjeta,0,0
9,17.13,4,21,0,basico,transferencia,1,0
1,22.67,10,34,1,estandar,transferencia,1,1
5,25.77,0,40,1,estandar,tarjeta,0,1
10,10.4,13,15,0,basico,tarjeta,1,0
22,7.29,5,12,1,basico,tarjeta,0,0
12,13.76,8,9,0,basico,tarjeta,0,0
21,9.61,16,8,0,basico,tarjeta,0,1
10,8.67,14,10,0,basico,tarjeta,0,0
15,5.0,15,6,0,basico,efectivo,1,0
24,17.21,5,37,2,basico,tarjeta,0,0
28,12.02,7,28,0,basico,transferencia,0,0
45,29.43,5,15,0,estandar,tarjeta,1,0
17,14.48,11,5,1,basico,tarjeta,1,0
2,49.43,2,90,0,premium,transferencia,0,1
19,42.74,12,23,2,premium,tarjeta,1,0
2,19.51,1,25,1,estandar,tarjeta,1,1
20,48.05,6,3,3,premium,efectivo,1,1
15,45.52,9,90,0,premium,efectivo,0,1
27,10.13,4,3,0,basico,transferencia,0,0
10,27.97,5,37,1,estandar,tarjeta,0,1
15,13.23,16,18,1,basico,tarjeta,0,0
19,27.56,7,24,0,estandar,tarjeta,0,0
1,20.91,9,2,0,estandar,efectivo,0,0
18,15.91,7,66,0,basico,transferencia,0,1
1,11.98,8,30,0,basico,tarjeta,0,0
7,49.34,3,10,0,premium,efectivo,0,0
17,15.87,4,13,1,basico,tarjeta,1,0
2,14.75,5,4,1,basico,tarjeta,0,0
21,11.56,0,1,0,basico,tarjeta,0,0
20,27.84,1,3,0,estandar,tarjeta,0,0
26,49.44,7,13,1,premium,efectivo,0,0
3,27.43,3,8,0,estandar,efectivo,0,1
44,12.81,2,26,1,basico,tarjeta,1,1
4,14.85,6,54,0,basico,tarjeta,0,1
15,9.9,6,78,1,basico,tarjeta,0,1
10,31.06,8,16,0,estandar,tarjeta,0,0
12,38.27,6,8,0,premium,tarjeta,0,0
40,25.14,10,20,1,estandar,tarjeta,0,0
5,10.38,1,16,1,basico,tarjeta,0,0
36,22.44,15,58,0,estandar,tarjeta,0,1
23,13.22,6,7,0,basico,tarjeta,0,0
13,20.5,6,0,1,estandar,efectivo,0,1
13,33.61,10,3,0,estandar,tarjeta,0,0
20,19.59,12,15,1,estandar,tarjeta,1,1
10,21.19,7,6,0,estandar,tarjeta,0,0
11,40.82,3,17,1,premium,transferencia,0,1
15,12.79,8,2,0,basico,tarjeta,1,0
33,16.06,2,13,1,basico,tarjeta,0,0
12,14.1,6,6,0,basico,transferencia,1,0
2,30.89,1,7,0,estandar,transferencia,0,0
16,21.69,6,34,1,estandar,tarjeta,1,0
13,27.63,9,3,1,estandar,tarjeta,0,0
8,23.79,9,14,0,estandar,efectivo,0,0
17,12.91,14,1,0,basico,tarjeta,0,0
8,29.43,14,3,2,estandar,tarjeta,0,0
12,18.23,5,16,1,estandar,tarjeta,0,0
15,19.96,2,6,1,basico,tarjeta,0,0
16,11.42,5,8,0,basico,transferencia,0,0
18,5.57,2,27,1,basico,transferencia,1,0
20,9.23,5,23,1,basico,tarjeta,1,0
15,25.41,3,53,0,estandar,transferencia,0,1
3,42.23,3,13,1,premium,tarjeta,0,1
17,16.81,10,27,0,estandar,transferencia,0,1
26,12.39,10,5,2,basico,tarjeta,0,0
2,22.11,8,19,0,estandar,tarjeta,0,0
3,27.6,4,8,0,estandar,transferencia,0,0
7,7.73,1,14,0,basico,tarjeta,0,1
25,54.05,10,21,0,premium,tarjeta,1,0
7,14.05,4,12,0,basico,tarjeta,0,0
25,12.79,6,3,0,basico,transferencia,0,0
16,14.49,12,65,0,basico,tarjeta,0,1
8,5.0,11,48,1,basico,transferencia,0,1
60,43.01,9,39,0,premium,transferencia,1,0
4,19.13,1,25,2,basico,transferencia,0,1
14,10.72,5,15,2,basico,tarjeta,0,1
6,11.75,2,4,3,basico,transferencia,1,1
17,10.13,11,37,2,basico,tarjeta,0,1
6,17.86,2,25,0,basico,efectivo,0,1
9,11.02,5,9,0,basico,transferencia,0,0
7,19.99,7,4,2,estandar,tarjeta,0,0
11,22.32,6,14,0,basico,transferencia,0,0
26,19.5,9,14,1,estandar,tarjeta,1,0
4,11.61,8,23,1,basico,tarjeta,0,1
7,21.63,8,17,0,estandar,tarjeta,0,0
10,42.19,13,11,0,premium,transferencia,0,0
11,7.76,8,9,0,basico,transferencia,1,0
32,9.84,3,45,0,basico,efectivo,0,1
7,48.94,2,5,0,premium,tarjeta,0,0
25,17.39,2,17,0,estandar,transferencia,0,1
34,30.04,11,0,1,estandar,transferencia,0,0
12,16.35,7,50,0,basico,transferencia,0,1
6,14.04,8,13,0,basico,tarjeta,1,0
29,25.5,6,13,3,estandar,tarjeta,0,0
23,46.11,11,21,0,premium,transferencia,0,0
5,17.69,17,17,1,basico,tarjeta,0,0
38,18.02,6,1,1,estandar,tarjeta,1,0
8,27.91,6,9,1,estandar,tarjeta,0,0
12,9.02,14,12,0,basico,tarjeta,1,0
21,15.3,2,49,2,basico,tarjeta,1,1
35,9.55,7,45,2,basico,tarjeta,0,0
17,14.83,10,15,2,basico,transferencia,0,0
11,18.81,4,8,1,estandar,efectivo,0,1
10,5.23,5,57,0,basico,tarjeta,1,1
11,11.55,7,4,0,basico,tarjeta,1,0
52,30.74,7,4,0,estandar,transferencia,0,0
18,27.15,9,3,1,estandar,tarjeta,0,0
15,27.12,2,2,0,estandar,efectivo,1,1
24,28.44,7,1,1,estandar,tarjeta,0,0
11,10.41,10,2,2,basico,tarjeta,0,0
34,27.44,11,7,0,estandar,tarjeta,0,0
19,9.68,6,30,1,basico,tarjeta,0,0
11,10.74,4,10,2,basico,transferencia,0,0
9,11.24,10,22,1,basico,tarjeta,0,0
3,22.82,11,3,0,estandar,efectivo,1,0
25,24.74,4,75,0,estandar,transferencia,0,1
4,10.98,9,21,0,basico,efectivo,0,0
32,42.17,4,44,0,premium,efectivo,0,1
7,44.44,4,14,0,premium,tarjeta,0,0
7,12.62,7,20,2,basico,tarjeta,0,1
44,20.6,6,7,0,estandar,transferencia,0,0
24,13.67,7,90,1,basico,tarjeta,0,1
15,43.03,19,13,0,premium,tarjeta,1,0
41,12.79,1,2,0,basico,tarjeta,0,0
13,9.34,6,19,0,basico,tarjeta,0,0
9,16.2,15,74,0,basico,efectivo,0,1
16,15.82,7,55,1,basico,tarjeta,0,1
27,20.8,6,5,0,estandar,transferencia,0,0
5,27.1,0,4,0,estandar,efectivo,0,1
7,17.79,9,9,0,basico,tarjeta,0,0
6,21.21,5,2,0,estandar,transferencia,0,0
5,41.52,7,16,0,premium,tarjeta,0,0
12,27.94,4,8,1,estandar,tarjeta,0,0
5,19.77,7,28,0,estandar,tarjeta,0,0
2,8.89,5,23,3,basico,tarjeta,0,1
7,7.94,4,42,1,basico,tarjeta,0,1
7,47.99,4,10,1,premium,tarjeta,0,1
18,22.23,7,5,1,estandar,tarjeta,0,0
25,23.86,2,31,2,estandar,tarjeta,1,1
8,42.01,1,23,1,premium,transferencia,0,0
7,16.59,6,13,1,basico,tarjeta,1,0
42,21.56,11,4,0,estandar,transferencia,0,0
25,6.37,5,5,0,basico,efectivo,0,0
17,6.21,4,51,1,basico,transferencia,0,1
10,27.77,3,12,0,estandar,tarjeta,0,1
24,15.06,9,6,0,basico,transferencia,0,0
5,49.99,14,7,0,premium,transferencia,0,0
25,6.96,6,63,0,basico,efectivo,0,1
19,44.08,11,28,2,premium,efectivo,1,1
22,34.71,2,19,1,estandar,tarjeta,0,0
15,23.79,11,34,0,estandar,transferencia,0,0
4,42.75,1,26,3,premium,transferencia,0,1
6,11.92,4,30,0,basico,tarjeta,0,0
20,14.12,12,35,1,basico,tarjeta,0,0
18,14.05,1,12,0,basico,transferencia,1,0
9,9.54,0,10,0,basico,transferencia,0,1
9,42.66,7,4,1,premium,tarjeta,0,0
29,23.81,8,19,1,estandar,tarjeta,0,0
13,9.08,5,3,0,basico,tarjeta,1,0
7,7.06,2,90,0,basico,tarjeta,1,1
33,32.23,7,14,1,estandar,efectivo,0,0
31,23.37,5,5,1,estandar,efectivo,0,0
13,10.6,1,90,0,basico,tarjeta,0,1
15,23.72,1,25,2,estandar,tarjeta,0,0
25,24.68,7,6,1,estandar,transferencia,0,0
21,26.74,6,19,0,estandar,transferencia,0,0
4,10.14,8,9,0,basico,tarjeta,0,0
33,29.56,8,15,1,estandar,tarjeta,0,0
3,14.39,9,20,0,basico,tarjeta,0,1
18,11.24,11,32,0,basico,transferencia,0,0
5,22.34,29,16,0,estandar,transferencia,0,0
21,29.34,5,22,0,estandar,tarjeta,0,0
8,11.35,1,49,0,basico,efectivo,0,1
8,40.03,4,32,0,premium,transferencia,0,0
24,16.08,2,31,0,basico,efectivo,0,1
5,22.09,0,8,3,estandar,tarjeta,0,0
9,48.47,3,10,1,premium,tarjeta,1,1
5,14.94,10,10,0,estandar,efectivo,0,0
15,43.53,1,5,1,premium,efectivo,0,0
5,29.64,2,14,0,estandar,efectivo,0,0
17,25.02,5,1,0,estandar,transferencia,0,0
30,27.39,3,1,0,estandar,tarjeta,0,0
2,21.39,12,2,0,estandar,tarjeta,0,0
8,13.39,5,43,1,basico,tarjeta,0,1
5,25.02,4,8,2,estandar,efectivo,0,1
4,12.97,6,3,1,basico,tarjeta,0,0
17,53.16,4,3,0,premium,transferencia,0,0
16,17.22,5,85,1,basico,efectivo,1,1
33,15.17,3,23,2,basico,efectivo,1,1
22,48.22,22,9,0,premium,efectivo,0,1
14,8.36,5,5,0,basico,tarjeta,0,0
16,10.12,8,24,0,basico,tarjeta,0,0
9,18.87,8,6,0,estandar,efectivo,1,0
17,6.92,8,26,1,basico,tarjeta,1,1
3,8.45,8,12,0,basico,tarjeta,0,1
12,24.88,5,22,1,estandar,efectivo,0,1
19,7.1,3,21,2,basico,transferencia,0,0
12,11.84,1,12,2,basico,tarjeta,0,1
8,11.38,1,25,1,basico,tarjeta,0,1
14,7.46,10,7,0,basico,tarjeta,1,0
7,18.1,6,33,3,basico,efectivo,0,1
11,6.7,7,5,1,basico,transferencia,1,0
23,29.47,8,7,2,estandar,tarjeta,0,0
24,15.98,7,90,0,estandar,tarjeta,0,1
16,11.43,14,8,0,basico,efectivo,1,0
6,7.21,6,5,1,basico,efectivo,0,1
10,42.38,11,7,1,premium,tarjeta,0,0
15,32.24,4,42,1,estandar,transferencia,0,1
8,10.61,19,7,1,basico,tarjeta,0,0
39,20.58,13,39,0,estandar,tarjeta,1,0
8,13.95,4,17,0,basico,tarjeta,0,0
14,43.58,5,67,0,premium,tarjeta,0,0
25,45.6,4,17,0,premium,tarjeta,0,0
35,41.34,2,57,0,premium,tarjeta,0,1
6,8.54,6,33,0,basico,tarjeta,0,1
3,8.85,12,2,0,basico,tarjeta,0,0
16,15.19,1,6,0,basico,tarjeta,0,0
42,11.09,12,3,0,basico,transferencia,0,0
4,7.81,2,9,0,basico,tarjeta,0,1
11,25.65,4,90,0,estandar,tarjeta,1,1
17,12.32,10,31,2,basico,efectivo,0,1
14,47.29,9,15,0,premium,tarjeta,0,0
18,10.07,11,20,0,basico,efectivo,0,0
32,11.69,11,7,0,basico,transferencia,0,0
26,46.69,14,23,0,premium,transferencia,0,0
10,20.96,3,9,1,estandar,tarjeta,0,0
4,15.54,8,10,0,basico,tarjeta,0,0
27,25.07,8,29,0,estandar,transferencia,0,1
11,7.6,6,7,2,basico,transferencia,0,0
14,7.57,2,5,1,basico,tarjeta,0,0
24,24.6,14,30,0,estandar,transferencia,0,0
27,9.8,3,27,0,basico,tarjeta,1,0
23,28.02,0,18,0,estandar,efectivo,0,0
38,10.85,9,17,1,basico,transferencia,0,0
13,26.21,2,7,1,estandar,tarjeta,0,0
8,21.61,6,1,1,estandar,efectivo,0,1
6,11.91,6,56,0,basico,efectivo,1,1
8,17.26,1,2,2,basico,transferencia,1,1
9,11.41,15,24,1,basico,tarjeta,1,0
16,22.79,22,90,0,estandar,transferencia,1,1
20,21.54,11,29,0,estandar,transferencia,0,0
6,24.92,13,12,0,estandar,tarjeta,1,0
24,17.64,9,9,1,basico,efectivo,0,0
26,6.55,9,90,0,basico,tarjeta,0,1
20,24.8,10,44,2,estandar,efectivo,1,1
9,5.14,9,3,0,basico,transferencia,0,0
31,23.36,11,1,0,estandar,tarjeta,0,0
13,13.05,12,20,1,basico,efectivo,0,1
7,5.68,4,13,0,basico,tarjeta,0,0
5,23.22,9,20,2,estandar,tarjeta,0,1
15,26.16,4,15,0,estandar,tarjeta,1,1
10,25.52,4,10,0,estandar,tarjeta,0,1
4,13.36,0,21,1,basico,transferencia,1,1
3,41.1,6,2,0,premium,tarjeta,0,0
17,46.16,8,18,0,premium,efectivo,0,0
4,42.6,12,1,2,premium,efectivo,0,0
1,27.86,3,58,0,estandar,transferencia,1,1
26,15.76,6,22,1,estandar,tarjeta,0,1
6,23.84,10,68,0,estandar,transferencia,0,1
18,12.4,7,34,0,basico,tarjeta,1,1
15,17.4,7,16,1,basico,transferencia,0,0
8,25.35,7,89,1,estandar,tarjeta,1,1
33,12.75,3,3,0,basico,efectivo,0,0
20,13.5,5,32,3,basico,tarjeta,1,0
12,50.01,3,4,1,premium,tarjeta,1,0
7,10.47,6,0,0,basico,efectivo,1,0
19,19.39,3,42,2,estandar,tarjeta,1,0
21,18.62,6,9,1,estandar,efectivo,0,0
14,14.66,0,25,1,basico,efectivo,0,1
13,45.89,7,5,0,premium,tarjeta,0,0
20,10.97,4,33,0,basico,tarjeta,0,0
12,42.66,9,34,1,premium,tarjeta,1,0
7,25.72,5,7,1,estandar,transferencia,1,1
4,12.84,5,23,0,basico,efectivo,0,1
12,13.92,4,34,1,basico,tarjeta,0,0
4,7.57,2,12,2,basico,transferencia,0,1
22,5.0,5,48,1,basico,tarjeta,0,1
12,8.35,10,37,0,basico,transferencia,0,0
24,39.6,4,17,0,premium,transferencia,0,0
16,6.39,4,62,1,basico,efectivo,1,1
18,51.28,6,47,0,premium,tarjeta,0,1
8,5.0,7,18,0,basico,tarjeta,0,0
12,46.88,6,11,2,premium,tarjeta,1,0
15,15.63,8,18,1,basico,tarjeta,0,0
14,15.95,6,29,0,basico,tarjeta,0,0
14,26.11,2,16,0,estandar,efectivo,0,1
5,17.28,7,0,0,basico,tarjeta,0,0
2,52.13,4,3,0,premium,tarjeta,1,0
5,10.79,5,90,1,basico,transferencia,1,1
1,26.79,4,30,0,estandar,tarjeta,1,0
3,30.1,7,1,1,estandar,tarjeta,0,1
16,21.55,2,11,2,estandar,efectivo,0,1
11,11.02,2,70,1,basico,tarjeta,0,1
7,9.5,7,19,0,basico,tarjeta,0,0
10,13.84,9,50,1,basico,tarjeta,0,0
2,5.0,6,90,1,basico,tarjeta,0,1
12,17.75,2,13,1,basico,tarjeta,0,0
4,47.14,3,37,2,premium,tarjeta,0,0
28,27.36,8,22,0,estandar,tarjeta,0,0
19,15.55,2,9,1,estandar,efectivo,0,0
18,7.84,7,45,0,basico,tarjeta,0,0
14,17.96,7,9,0,basico,tarjeta,0,0
20,24.29,2,20,1,estandar,tarjeta,0,1
12,5.1,5,12,0,basico,efectivo,1,1
7,12.89,6,22,1,basico,tarjeta,1,0
18,27.72,4,50,1,estandar,efectivo,1,1
25,27.13,17,12,0,estandar,tarjeta,1,0
6,44.4,5,54,0,premium,efectivo,0,1
3,16.54,3,10,1,basico,tarjeta,0,1
40,22.19,5,6,0,estandar,tarjeta,1,0
31,14.16,5,4,2,basico,tarjeta,0,0
13,12.54,10,44,2,basico,tarjeta,1,1
1,24.47,6,17,0,estandar,transferencia,0,0
15,10.48,9,6,0,basico,transferencia,0,0
54,23.63,17,24,0,estandar,transferencia,1,0
20,12.13,9,25,0,basico,tarjeta,1,0
19,10.83,11,2,0,basico,transferencia,1,0
12,47.93,6,11,2,premium,tarjeta,0,1
18,9.86,5,8,0,basico,efectivo,1,0
20,31.27,1,42,0,estandar,transferencia,1,1
15,9.68,6,3,2,basico,tarjeta,1,0
11,48.68,2,11,2,premium,efectivo,0,1
15,15.85,2,37,2,basico,tarjeta,1,1
14,12.66,5,28,1,basico,tarjeta,1,1
2,25.31,5,26,2,estandar,tarjeta,0,1
47,9.08,13,1,0,basico,transferencia,0,0
19,9.93,8,10,3,basico,tarjeta,0,0
28,45.88,3,23,0,premium,tarjeta,0,0
16,24.82,1,14,0,estandar,transferencia,0,0
9,29.73,6,33,0,estandar,tarjeta,0,1
24,23.18,5,8,1,estandar,transferencia,1,0
3,43.42,7,12,1,premium,tarjeta,0,1
19,38.34,7,4,0,premium,tarjeta,0,0
24,27.57,4,6,1,estandar,efectivo,0,0
12,14.21,4,38,1,basico,tarjeta,0,1
18,15.91,4,12,1,basico,transferencia,0,1
2,29.13,3,10,1,estandar,transferencia,0,0
19,48.16,6,11,0,premium,efectivo,0,0
10,28.32,6,50,0,estandar,tarjeta,1,1
18,14.44,13,3,0,basico,transferencia,0,0
13,15.06,8,0,0,basico,tarjeta,1,0
12,17.63,8,15,1,estandar,tarjeta,0,0
19,40.6,4,7,0,premium,tarjeta,0,0
10,6.95,10,5,0,basico,tarjeta,0,0
12,30.08,2,4,0,estandar,tarjeta,1,0
41,21.87,11,1,0,estandar,tarjeta,0,0
29,42.51,5,2,2,premium,tarjeta,0,0
11,12.03,11,15,1,basico,transferencia,0,0
13,40.03,14,16,0,premium,tarjeta,0,0
8,26.52,4,42,1,estandar,tarjeta,0,0
10,16.48,15,35,1,estandar,tarjeta,0,0
10,7.29,5,34,1,basico,tarjeta,0,1
14,25.8,6,15,1,estandar,transferencia,0,0
2,20.03,6,1,0,estandar,efectivo,0,0
10,17.2,18,43,0,basico,tarjeta,0,0
9,12.19,7,5,2,basico,transferencia,0,1
31,29.53,6,9,0,estandar,tarjeta,0,0
13,26.43,11,27,1,estandar,efectivo,1,1
15,11.95,11,8,1,basico,tarjeta,0,0
10,8.01,11,6,0,basico,tarjeta,0,0
13,15.72,1,30,0,basico,tarjeta,0,0
10,46.77,11,9,0,premium,tarjeta,1,0
14,53.34,2,4,1,premium,transferencia,0,0
18,15.31,7,5,1,basico,tarjeta,1,0
4,10.41,5,40,1,basico,tarjeta,0,1
20,13.16,10,40,0,basico,tarjeta,0,0
6,26.69,4,83,1,estandar,efectivo,0,1
42,49.65,13,4,0,premium,transferencia,0,0
14,30.29,4,23,0,estandar,efectivo,0,1
15,11.35,5,10,2,basico,efectivo,0,0
16,7.14,9,14,0,basico,efectivo,0,0
13,5.0,10,27,1,basico,tarjeta,0,1
8,40.44,10,29,0,premium,tarjeta,0,0
15,22.63,5,1,1,estandar,tarjeta,0,0
15,31.02,4,9,0,estandar,tarjeta,0,0
7,18.08,11,10,0,basico,transferencia,1,0
4,48.84,4,31,1,premium,tarjeta,0,0
24,16.92,9,7,0,basico,tarjeta,1,0
10,42.17,8,32,0,premium,transferencia,1,1
12,38.94,3,1,1,premium,tarjeta,0,0
15,20.97,2,34,2,estandar,tarjeta,0,1
7,36.86,8,4,1,premium,tarjeta,0,0
16,7.54,1,43,0,basico,transferencia,0,1
12,22.98,6,4,1,estandar,tarjeta,0,0
13,12.67,6,2,3,basico,tarjeta,0,0
27,25.54,13,30,0,estandar,tarjeta,0,0
14,9.24,8,20,1,basico,transferencia,0,0
11,14.28,8,16,0,basico,tarjeta,0,0
6,9.32,3,15,1,basico,tarjeta,1,1
16,12.04,10,36,0,basico,efectivo,0,1
23,20.56,7,13,1,estandar,efectivo,0,1
11,29.35,5,7,0,estandar,tarjeta,0,0
23,12.08,9,61,0,basico,tarjeta,0,0
16,47.72,2,10,0,premium,tarjeta,0,0
14,40.14,11,11,0,premium,transferencia,0,0
17,12.7,9,6,0,basico,tarjeta,0,0
5,14.29,7,5,0,basico,efectivo,0,1
10,16.82,10,8,0,estandar,transferencia,0,0
10,29.67,12,47,0,estandar,tarjeta,1,0
12,7.0,10,18,0,basico,tarjeta,0,0
38,25.84,11,47,0,estandar,efectivo,0,1
14,19.15,5,10,1,basico,transferencia,0,1
4,15.82,5,11,1,basico,transferencia,0,1
8,19.04,1,35,0,estandar,tarjeta,0,1
13,24.29,4,12,2,estandar,transferencia,0,0
14,49.93,10,9,0,premium,transferencia,0,0
1,8.73,15,12,0,basico,efectivo,0,1
18,10.56,8,47,0,basico,tarjeta,0,0
19,10.45,0,36,0,basico,tarjeta,1,1
6,14.28,6,67,0,basico,tarjeta,0,1
23,5.85,9,23,1,basico,transferencia,0,1
11,27.5,1,6,2,estandar,efectivo,0,1
6,22.51,9,15,1,estandar,tarjeta,0,0
5,24.95,20,29,0,estandar,tarjeta,0,0
18,11.1,5,58,0,basico,tarjeta,0,1
9,14.4,0,21,3,basico,transferencia,0,1
15,24.92,8,48,3,estandar,efectivo,0,1
5,17.76,1,8,1,basico,tarjeta,1,0
10,48.96,3,5,0,premium,tarjeta,0,0
17,8.82,5,23,0,basico,efectivo,0,0
26,30.46,7,39,0,estandar,tarjeta,0,0
28,46.28,11,16,0,premium,tarjeta,0,0
26,25.68,6,6,1,estandar,tarjeta,0,0
56,28.39,18,2,1,estandar,tarjeta,0,0
16,20.84,10,50,0,estandar,tarjeta,1,1
5,6.48,11,28,1,basico,transferencia,0,1
8,25.1,16,43,0,estandar,tarjeta,0,0
28,42.57,6,15,1,premium,transferencia,1,1
8,53.29,8,9,0,premium,transferencia,0,0
1,8.94,4,33,2,basico,tarjeta,1,1
11,12.16,6,13,0,basico,tarjeta,0,0
22,25.77,4,17,0,estandar,tarjeta,0,0
8,29.93,13,21,1,estandar,tarjeta,0,0
28,8.02,4,15,2,basico,transferencia,1,1
40,5.55,15,0,0,basico,tarjeta,0,0
15,17.58,7,0,1,basico,transferencia,1,0
45,25.32,4,46,1,estandar,tarjeta,0,0
34,15.24,12,19,1,basico,tarjeta,0,0
23,15.43,8,8,0,basico,tarjeta,0,0
17,16.12,1,53,0,basico,tarjeta,0,1
16,43.49,9,3,0,premium,transferencia,0,0
12,9.4,4,23,1,basico,transferencia,1,1
19,5.0,7,5,1,basico,tarjeta,0,0
2,21.02,1,14,2,estandar,transferencia,0,1
35,12.25,4,41,0,basico,transferencia,0,1
45,42.19,9,5,1,premium,tarjeta,0,0
2,40.44,11,2,0,premium,tarjeta,0,0
22,12.2,6,4,1,basico,tarjeta,0,0
33,17.37,6,39,2,basico,tarjeta,0,1
14,11.78,7,1,0,basico,efectivo,0,0
12,7.47,8,29,2,basico,tarjeta,1,0
10,17.09,4,40,0,basico,tarjeta,1,1
9,8.9,0,18,0,basico,transferencia,0,0
16,17.92,8,13,0,basico,tarjeta,0,0
28,23.95,8,22,2,estandar,transferencia,0,0
2,12.41,2,1,0,basico,tarjeta,0,0
6,18.24,3,4,0,basico,tarjeta,0,0
8,19.59,1,32,1,estandar,tarjeta,0,1
3,7.8,1,42,2,basico,tarjeta,0,1
20,10.69,6,6,0,basico,tarjeta,0,0
19,11.44,11,2,0,basico,transferencia,0,0
24,22.57,9,38,1,basico,transferencia,0,1
1,8.45,9,16,1,basico,transferencia,0,0
22,39.78,3,86,0,premium,tarjeta,0,1
28,41.26,14,6,0,premium,efectivo,1,0
21,12.93,4,0,0,basico,tarjeta,0,0
13,13.97,9,0,1,basico,transferencia,0,0
12,22.17,0,13,0,estandar,transferencia,0,1
17,25.08,5,25,0,estandar,tarjeta,0,0
16,19.78,18,42,0,basico,tarjeta,0,0
8,12.14,2,4,0,basico,transferencia,0,0
2,13.28,2,64,1,basico,transferencia,0,1
9,32.56,2,7,0,estandar,tarjeta,0,0
42,9.21,4,6,2,basico,transferencia,0,0
2,8.95,6,9,2,basico,tarjeta,0,0
16,10.12,2,12,0,basico,tarjeta,0,0
36,9.89,4,37,0,basico,transferencia,0,0
24,17.72,9,22,0,estandar,transferencia,0,0
27,25.55,6,37,1,estandar,tarjeta,0,1
25,25.87,12,73,1,estandar,tarjeta,0,1
4,11.26,9,38,1,basico,tarjeta,0,1
32,12.99,12,69,0,basico,tarjeta,0,1
34,46.03,16,40,0,premium,tarjeta,0,0
5,19.74,6,3,0,estandar,tarjeta,0,0
10,13.15,3,36,0,basico,transferencia,1,1
14,14.23,7,72,2,basico,tarjeta,0,1
10,38.61,21,22,0,premium,tarjeta,0,0
8,30.85,3,9,1,estandar,tarjeta,1,1
8,40.06,7,17,2,premium,tarjeta,1,0
22,20.45,8,41,0,estandar,tarjeta,0,1
26,12.81,14,28,0,basico,tarjeta,0,0
8,14.14,9,8,0,basico,tarjeta,1,0
26,15.11,7,21,1,basico,tarjeta,0,0
10,27.24,4,8,0,estandar,tarjeta,1,1
5,22.92,11,3,0,estandar,efectivo,1,0
17,12.43,5,11,0,basico,tarjeta,0,0
14,43.73,5,12,0,premium,tarjeta,1,0
17,12.7,11,2,0,basico,tarjeta,0,0
17,12.27,8,36,2,basico,tarjeta,0,0
16,9.98,3,19,0,basico,tarjeta,0,0
13,43.61,6,3,0,premium,transferencia,1,0
26,37.59,2,2,1,premium,tarjeta,0,0
21,28.32,4,90,0,estandar,tarjeta,0,1
10,46.19,6,16,4,premium,tarjeta,0,0
10,35.77,11,10,0,premium,tarjeta,0,0
3,48.17,7,5,0,premium,efectivo,0,0
4,44.79,5,25,2,premium,tarjeta,0,0
12,8.25,8,29,0,basico,tarjeta,0,0
23,20.9,11,4,0,estandar,tarjeta,1,0
7,22.25,6,18,0,estandar,tarjeta,0,0
21,21.27,3,1,0,estandar,tarjeta,0,0
16,8.81,9,21,0,basico,tarjeta,1,0
7,31.8,15,13,0,estandar,tarjeta,1,0
14,46.48,9,3,1,premium,tarjeta,1,0
14,20.14,16,3,0,basico,transferencia,0,0
7,45.9,7,57,0,premium,tarjeta,0,1
20,14.32,13,13,0,basico,tarjeta,0,0
25,8.48,9,26,0,basico,efectivo,0,0
11,11.33,0,25,0,basico,tarjeta,0,0
5,24.67,4,35,2,estandar,efectivo,1,1
26,27.48,4,29,0,estandar,efectivo,1,1
4,11.8,10,26,0,basico,tarjeta,0,0
17,26.41,9,23,0,estandar,tarjeta,0,0
7,13.26,4,50,0,basico,transferencia,0,1
5,10.79,4,63,0,basico,tarjeta,0,1
9,43.38,13,4,1,premium,tarjeta,0,0
14,22.32,18,43,0,estandar,tarjeta,0,0
6,29.33,4,21,1,estandar,tarjeta,1,1
4,23.79,3,11,1,estandar,efectivo,0,1
3,46.32,0,22,3,premium,transferencia,0,1
36,11.37,9,7,1,basico,efectivo,0,0
18,16.25,3,36,1,basico,transferencia,0,0
7,5.0,4,19,1,basico,transferencia,0,0
18,26.21,8,14,0,estandar,tarjeta,1,0
14,19.98,3,16,2,estandar,efectivo,0,1
22,26.56,5,83,0,estandar,efectivo,0,1
12,11.41,6,62,1,basico,transferencia,0,1
24,6.09,6,0,0,basico,transferencia,0,0
8,26.35,9,8,0,estandar,tarjeta,0,0
16,45.9,7,4,0,premium,tarjeta,0,0
23,11.08,15,12,0,basico,efectivo,0,0
16,11.58,11,6,0,basico,tarjeta,1,0
43,12.65,15,7,0,basico,tarjeta,1,0
22,16.71,7,45,1,basico,tarjeta,0,1
18,10.74,10,35,1,basico,tarjeta,0,0
10,16.05,4,22,0,basico,tarjeta,0,0
16,24.85,1,33,1,estandar,tarjeta,0,0
29,17.18,5,24,0,basico,tarjeta,0,0
9,11.06,6,26,1,basico,tarjeta,0,0
7,9.33,12,33,0,basico,tarjeta,0,0
9,40.61,4,10,2,premium,tarjeta,0,0
9,11.86,4,13,0,basico,transferencia,0,0
20,8.83,6,40,0,basico,tarjeta,1,0
40,17.62,5,65,3,basico,tarjeta,0,1
4,21.52,6,2,0,estandar,tarjeta,0,0
14,42.24,9,5,2,premium,tarjeta,0,0
6,14.32,11,12,0,basico,efectivo,0,0
17,16.74,2,6,0,basico,tarjeta,0,0
18,14.92,7,24,0,basico,tarjeta,0,1
9,29.23,10,0,1,estandar,transferencia,1,0
20,44.68,0,1,1,premium,tarjeta,0,0
8,11.74,11,12,3,basico,transferencia,0,1
8,20.05,6,2,0,basico,efectivo,0,0
7,31.76,3,14,1,estandar,transferencia,0,0
9,27.86,0,51,2,estandar,efectivo,0,1
13,16.43,5,53,1,basico,tarjeta,0,1
12,15.43,4,79,0,basico,tarjeta,0,1
15,7.18,7,53,0,basico,tarjeta,0,0
19,24.84,7,23,0,estandar,tarjeta,0,0
15,30.99,13,7,0,estandar,tarjeta,1,0
35,27.88,1,84,2,estandar,tarjeta,0,1
14,44.75,8,18,1,premium,tarjeta,0,0
22,18.04,1,15,2,basico,tarjeta,1,1
3,13.48,11,13,1,basico,transferencia,0,0
15,15.02,5,90,0,basico,tarjeta,1,1
12,46.5,5,13,1,premium,tarjeta,0,0
11,27.16,7,7,0,estandar,tarjeta,1,0
29,14.45,5,7,3,basico,transferencia,0,0
44,17.2,2,51,2,basico,tarjeta,0,1
19,30.72,0,49,1,estandar,transferencia,0,1
3,23.2,10,5,0,estandar,tarjeta,0,0
9,26.42,9,42,0,estandar,tarjeta,0,0
4,17.08,5,0,1,basico,efectivo,0,1
15,44.47,5,55,0,premium,tarjeta,0,0
18,19.76,8,8,0,estandar,tarjeta,0,0
3,21.37,14,32,0,estandar,tarjeta,1,1
32,21.64,5,47,0,estandar,tarjeta,0,0
5,43.17,3,48,1,premium,tarjeta,0,1
17,42.02,6,16,1,premium,tarjeta,0,0
32,29.12,4,2,3,estandar,tarjeta,1,0
15,10.89,5,25,0,basico,efectivo,0,1
8,17.04,0,25,3,basico,tarjeta,0,1
7,40.48,5,6,0,premium,tarjeta,1,0
15,23.59,4,55,5,estandar,transferencia,0,1
22,12.42,16,16,0,basico,tarjeta,0,0
17,15.24,9,36,1,basico,efectivo,0,1
7,49.57,6,3,0,premium,tarjeta,0,0
12,42.85,2,2,1,premium,transferencia,1,0
6,48.97,5,7,0,premium,efectivo,0,0
6,5.27,6,13,0,basico,tarjeta,0,0
6,28.49,3,37,0,estandar,transferencia,0,1
10,39.64,4,12,1,premium,transferencia,0,0
13,13.79,5,14,2,basico,transferencia,0,1
14,16.52,10,18,1,basico,tarjeta,0,0
16,48.55,1,90,0,premium,tarjeta,1,1
7,5.44,9,4,0,basico,tarjeta,1,0
13,23.21,7,19,2,estandar,efectivo,1,1
14,27.87,10,8,0,estandar,tarjeta,0,0
27,27.75,8,22,1,estandar,tarjeta,0,0
3,13.1,5,1,0,basico,efectivo,0,0
4,16.19,5,15,1,estandar,tarjeta,0,0
19,16.79,2,5,2,basico,tarjeta,0,0
20,50.51,7,6,0,premium,tarjeta,0,0
19,12.65,7,8,0,basico,transferencia,0,0
19,25.91,6,7,0,estandar,tarjeta,0,0
3,27.01,11,4,1,estandar,tarjeta,0,0
40,17.84,7,9,2,basico,tarjeta,0,0
25,13.0,10,40,0,basico,tarjeta,0,0
3,24.24,0,90,1,estandar,tarjeta,1,1
11,13.53,13,14,0,basico,tarjeta,0,0
10,11.96,3,54,0,basico,transferencia,0,1
12,25.0,11,5,2,estandar,tarjeta,0,1
9,37.94,4,1,0,premium,tarjeta,0,0
5,27.09,8,16,0,estandar,tarjeta,0,1
14,16.69,9,19,0,basico,tarjeta,0,1
28,49.08,8,10,0,premium,transferencia,0,0
9,28.8,14,12,1,estandar,tarjeta,0,0
16,11.79,4,9,2,basico,efectivo,1,1
12,12.58,6,1,0,basico,transferencia,0,0
19,16.77,10,22,0,basico,transferencia,0,0
12,15.47,4,84,0,basico,transferencia,1,1
8,30.95,12,17,1,estandar,tarjeta,0,0
9,9.31,7,33,0,basico,efectivo,0,1
28,22.28,5,3,1,estandar,transferencia,1,0
13,10.67,0,2,2,basico,tarjeta,1,0
13,8.23,10,27,2,basico,tarjeta,0,1
27,6.71,4,20,0,basico,tarjeta,1,1
30,26.87,4,22,2,estandar,transferencia,0,0
1,26.6,12,9,1,estandar,tarjeta,0,0
4,12.98,7,0,2,basico,transferencia,0,0
22,13.41,3,4,2,basico,tarjeta,0,0
14,6.15,4,7,1,basico,tarjeta,0,0
30,43.08,3,90,1,premium,tarjeta,0,1
3,10.83,10,13,0,basico,tarjeta,0,0
15,25.19,7,6,3,estandar,tarjeta,1,0
19,6.16,3,1,1,basico,transferencia,0,0
10,8.29,5,10,0,basico,tarjeta,0,0
21,23.25,8,4,1,estandar,efectivo,0,0
22,29.23,13,33,0,estandar,transferencia,0,0
12,13.05,5,14,1,basico,transferencia,0,1
12,49.09,3,8,1,premium,tarjeta,0,0
24,11.51,11,5,0,basico,transferencia,0,0
15,12.0,16,2,1,basico,efectivo,0,0
18,14.0,11,33,1,basico,transferencia,0,1
15,24.29,9,65,1,estandar,tarjeta,0,1
15,22.5,6,9,1,estandar,transferencia,0,0
12,6.04,6,36,0,basico,tarjeta,1,0
19,42.61,2,25,0,premium,tarjeta,0,0
7,28.34,7,30,1,estandar,transferencia,0,1
3,50.04,16,4,0,premium,transferencia,0,0
13,41.91,12,2,0,premium,tarjeta,0,0
31,38.07,12,74,1,premium,tarjeta,0,1
15,28.71,4,7,3,estandar,efectivo,0,0
11,12.28,2,52,0,basico,tarjeta,1,1
10,6.61,8,17,1,basico,tarjeta,0,0
9,12.56,22,69,0,estandar,transferencia,0,1
1,8.15,5,16,0,basico,transferencia,0,0
28,23.15,8,6,0,estandar,tarjeta,0,0
9,7.39,8,44,0,basico,tarjeta,0,1
13,47.77,2,21,2,premium,tarjeta,0,1
11,8.75,4,38,0,basico,tarjeta,0,1
8,45.05,2,18,2,premium,transferencia,0,1
29,21.49,9,14,2,basico,transferencia,0,0
5,12.47,7,90,1,basico,tarjeta,1,1
20,44.54,10,20,0,premium,tarjeta,0,0
4,44.63,1,5,2,premium,tarjeta,0,0
12,27.68,2,44,0,estandar,tarjeta,0,1
26,47.18,11,5,2,premium,tarjeta,0,0
9,7.99,3,45,0,basico,tarjeta,0,1
19,43.36,1,8,0,premium,transferencia,0,0
9,9.33,9,20,1,basico,tarjeta,1,1
10,23.87,6,13,0,estandar,transferencia,0,0
22,19.31,9,57,1,basico,tarjeta,1,1
19,14.47,9,53,1,basico,transferencia,0,1
31,24.68,12,27,1,estandar,efectivo,1,0
9,29.98,12,6,0,estandar,tarjeta,0,0
17,12.75,5,10,0,basico,tarjeta,0,0
14,38.45,6,17,0,premium,transferencia,0,0
17,31.66,17,13,0,estandar,tarjeta,0,0
25,11.37,12,16,0,basico,tarjeta,1,0
8,15.98,3,8,1,estandar,tarjeta,1,0
16,5.6,9,13,2,basico,efectivo,1,0
29,16.51,7,44,0,basico,tarjeta,1,0
14,18.67,3,14,2,estandar,tarjeta,0,0
21,17.4,4,90,0,basico,tarjeta,0,1
2,12.32,9,6,2,basico,transferencia,0,0
14,27.86,11,6,0,estandar,tarjeta,1,0
10,10.97,16,1,0,basico,efectivo,0,1
19,47.09,4,20,2,premium,transferencia,0,0
16,26.27,1,13,0,estandar,tarjeta,0,0
7,11.85,14,2,0,basico,tarjeta,0,0
4,20.74,7,20,0,estandar,transferencia,0,0
40,13.43,13,9,0,basico,transferencia,0,0
17,17.73,7,24,0,estandar,tarjeta,0,0
17,15.73,3,7,1,basico,tarjeta,0,0
8,45.79,2,49,1,premium,tarjeta,0,1
11,13.86,8,13,1,basico,tarjeta,0,0
29,14.53,8,10,1,estandar,tarjeta,0,0
14,7.5,15,56,0,basico,tarjeta,0,1
30,9.98,9,13,0,basico,tarjeta,0,0
17,27.69,11,20,0,estandar,efectivo,0,1
25,21.23,9,6,0,estandar,transferencia,1,0
2,55.19,7,17,0,premium,transferencia,1,1
7,10.95,9,53,1,basico,transferencia,1,1
14,7.94,6,28,0,basico,transferencia,0,0
11,11.25,3,12,1,basico,tarjeta,1,1
19,8.2,11,10,1,basico,transferencia,0,0
4,40.26,1,1,0,premium,tarjeta,0,0
4,49.04,11,2,1,premium,tarjeta,0,0
18,47.05,6,20,0,premium,efectivo,1,1
25,14.06,5,31,2,basico,efectivo,0,1
10,17.11,5,54,1,basico,tarjeta,0,1
31,26.95,10,14,0,estandar,transferencia,0,0
36,7.73,8,25,0,basico,tarjeta,0,0
13,27.83,2,22,2,estandar,tarjeta,0,1
10,7.49,0,11,1,basico,tarjeta,0,1
9,10.09,22,6,0,basico,tarjeta,0,0
7,44.82,6,4,0,premium,transferencia,0,0
21,11.41,13,40,1,basico,tarjeta,0,0
7,37.84,9,4,0,premium,tarjeta,1,0
6,8.13,13,36,1,basico,efectivo,0,1
7,11.91,6,11,1,basico,tarjeta,0,1
13,9.56,11,3,0,basico,tarjeta,0,0
14,16.51,14,3,1,basico,tarjeta,0,0
20,30.19,4,4,1,estandar,tarjeta,0,0
12,7.52,13,8,0,basico,tarjeta,0,0
4,25.24,4,40,1,estandar,transferencia,0,1
10,51.33,2,12,1,premium,efectivo,0,0
13,11.46,13,23,0,basico,tarjeta,0,0
8,10.37,8,13,0,basico,tarjeta,0,0
16,15.44,2,1,2,basico,tarjeta,1,0
1,23.9,3,34,0,estandar,efectivo,0,1
12,30.08,15,5,0,estandar,tarjeta,0,0
28,9.62,12,37,0,basico,tarjeta,0,0
24,23.1,12,35,0,estandar,efectivo,0,1
14,28.16,5,12,1,estandar,tarjeta,0,0
14,12.4,13,2,0,basico,tarjeta,0,0
18,12.43,6,31,1,basico,tarjeta,0,1
6,37.36,2,7,1,premium,tarjeta,0,0
23,10.59,11,11,0,basico,efectivo,0,0
31,15.46,11,60,0,basico,tarjeta,1,0
12,8.87,12,6,1,basico,tarjeta,0,0
14,27.8,9,44,1,estandar,tarjeta,1,0
20,13.07,10,32,0,basico,tarjeta,0,1
8,11.2,6,28,0,basico,tarjeta,1,1
32,17.43,11,28,0,basico,efectivo,1,1
40,23.64,10,19,0,estandar,tarjeta,0,0
19,10.92,3,31,0,basico,efectivo,0,0
33,44.16,8,9,1,premium,transferencia,1,0
5,12.32,10,13,0,basico,tarjeta,1,0
16,15.07,9,51,2,basico,transferencia,0,1
2,39.11,6,1,0,premium,transferencia,0,0
10,48.47,5,6,1,premium,transferencia,1,0
10,12.27,5,3,1,basico,tarjeta,1,1
8,47.22,6,1,1,premium,tarjeta,1,0
5,34.57,17,16,0,estandar,tarjeta,0,0
19,9.95,3,33,0,basico,transferencia,0,1
7,40.1,5,26,0,premium,tarjeta,0,0
19,25.78,8,59,0,estandar,tarjeta,0,1
13,13.41,4,78,1,basico,tarjeta,0,1
16,28.49,1,28,1,estandar,tarjeta,0,1
9,9.85,0,40,1,basico,transferencia,0,1
13,8.68,6,2,0,basico,transferencia,0,0
44,38.87,7,26,1,premium,transferencia,0,0
16,19.53,5,6,2,estandar,tarjeta,0,0
32,23.34,5,23,0,estandar,tarjeta,0,0
31,24.53,12,42,0,estandar,transferencia,0,0
4,33.26,6,1,1,estandar,tarjeta,1,0
30,5.23,7,90,1,basico,transferencia,0,1
13,46.34,7,21,2,premium,tarjeta,1,1
10,22.1,5,19,1,estandar,tarjeta,0,0
6,25.89,8,34,0,estandar,tarjeta,0,0
5,22.79,2,6,1,estandar,transferencia,0,0
18,16.14,8,48,0,basico,tarjeta,0,1
4,16.12,5,45,2,basico,efectivo,0,1
19,11.55,15,1,0,basico,tarjeta,0,0
2,17.76,7,39,0,basico,tarjeta,0,1
6,28.04,1,12,0,estandar,transferencia,0,0
11,50.57,5,6,0,premium,tarjeta,0,0
14,11.83,8,21,2,basico,tarjeta,0,0
7,15.81,10,21,1,basico,efectivo,0,1
5,21.93,7,35,0,estandar,transferencia,1,1
10,8.52,0,71,0,basico,tarjeta,0,1
8,53.72,7,21,2,premium,transferencia,0,1
9,7.66,9,18,1,basico,tarjeta,0,0
19,10.26,14,19,0,basico,tarjeta,0,0
27,5.0,2,10,0,basico,tarjeta,0,0
10,41.62,9,25,0,premium,tarjeta,0,1
19,8.02,4,10,0,basico,tarjeta,0,0
9,22.32,2,9,1,estandar,tarjeta,0,1
8,13.2,2,43,0,basico,transferencia,1,1
10,14.16,5,6,0,basico,tarjeta,0,0
25,40.97,7,2,0,premium,tarjeta,0,0
4,8.84,4,66,0,basico,transferencia,0,1
3,16.33,4,52,1,basico,efectivo,1,1
35,31.82,8,22,1,estandar,tarjeta,0,0
6,50.02,11,11,0,premium,efectivo,1,0
11,5.41,9,15,1,basico,transferencia,1,0
9,16.76,6,15,0,basico,tarjeta,0,0
31,52.41,6,7,0,premium,tarjeta,0,0
25,18.22,10,25,1,estandar,tarjeta,0,0
5,49.33,10,5,0,premium,transferencia,1,0
14,25.9,1,22,2,estandar,tarjeta,0,1
16,23.69,12,8,0,estandar,tarjeta,0,0
19,12.42,5,8,1,basico,transferencia,0,0
2,13.77,5,9,0,basico,tarjeta,1,0
3,29.63,1,22,1,estandar,tarjeta,0,0
20,29.42,5,31,0,estandar,efectivo,1,1
4,38.97,3,63,5,premium,efectivo,0,1
16,22.41,6,1,0,estandar,transferencia,0,0
5,12.37,5,6,0,basico,tarjeta,1,0
3,31.29,1,11,0,estandar,tarjeta,0,0
6,14.09,3,0,0,estandar,tarjeta,0,0
12,9.56,4,3,0,basico,tarjeta,1,0
16,18.89,5,40,0,estandar,tarjeta,0,1
17,19.52,8,2,0,estandar,efectivo,0,0
22,15.94,8,38,0,basico,transferencia,0,0
7,22.87,7,10,1,estandar,tarjeta,0,0
21,15.67,5,1,1,estandar,tarjeta,0,0
13,44.37,1,11,1,premium,tarjeta,1,1
15,20.14,6,1,1,basico,tarjeta,0,0
47,17.77,2,1,1,estandar,transferencia,1,0
18,27.13,2,82,3,estandar,tarjeta,1,1
11,31.27,2,32,0,estandar,transferencia,0,1
9,11.8,5,90,0,basico,tarjeta,0,1
12,52.71,3,42,0,premium,tarjeta,0,1
4,42.36,1,3,0,premium,efectivo,1,0
16,30.78,10,28,0,estandar,tarjeta,1,1
12,29.84,6,14,0,estandar,tarjeta,0,0
14,11.87,2,2,0,basico,transferencia,1,0
13,19.05,0,9,0,estandar,tarjeta,1,1
4,7.99,5,5,2,basico,tarjeta,1,0
19,15.62,4,1,0,estandar,tarjeta,0,0
8,14.38,6,3,2,basico,tarjeta,1,1
23,26.9,14,39,0,estandar,tarjeta,0,0
20,12.32,18,16,1,basico,tarjeta,0,0
34,24.51,7,1,0,estandar,transferencia,0,0
12,30.43,5,1,0,estandar,efectivo,0,1
22,13.19,5,1,1,basico,tarjeta,0,0
37,9.78,13,16,0,basico,tarjeta,0,0
7,45.59,7,38,3,premium,tarjeta,0,1
25,33.19,14,1,3,estandar,tarjeta,0,0
18,14.49,13,23,0,basico,tarjeta,0,0
6,10.44,4,24,0,basico,transferencia,0,0
11,11.82,1,8,1,basico,tarjeta,0,0
52,26.85,9,33,0,estandar,tarjeta,1,0
24,23.32,8,5,0,estandar,transferencia,0,0
17,9.96,11,12,0,basico,transferencia,0,0
8,24.95,13,25,1,estandar,tarjeta,0,0
2,31.08,10,19,0,estandar,tarjeta,0,0
4,28.16,9,29,0,estandar,efectivo,0,1
13,10.36,6,5,0,basico,tarjeta,1,0
13,15.48,3,15,0,basico,transferencia,0,1
28,12.03,1,46,1,basico,transferencia,0,1
6,13.38,5,3,1,basico,tarjeta,0,0
6,13.01,10,62,0,basico,tarjeta,0,1
18,5.0,17,27,0,basico,tarjeta,0,0
10,5.0,4,34,1,basico,tarjeta,0,1
9,25.91,12,8,0,estandar,tarjeta,1,0
27,8.59,4,7,2,basico,transferencia,0,0
5,18.44,1,41,0,estandar,transferencia,0,1
24,8.71,8,5,1,basico,efectivo,1,1
17,28.7,6,23,0,estandar,efectivo,0,0
9,13.43,0,7,1,basico,transferencia,1,1
12,28.09,1,90,1,estandar,tarjeta,0,1
7,26.81,6,66,0,estandar,tarjeta,0,1
11,8.32,17,48,0,basico,transferencia,0,1
35,28.11,0,18,1,estandar,tarjeta,1,0
7,14.34,6,22,0,basico,tarjeta,0,0
3,24.53,2,9,1,estandar,tarjeta,0,1
13,12.24,10,9,1,basico,tarjeta,1,0
31,15.17,2,5,0,basico,tarjeta,1,0
15,9.0,1,26,1,basico,transferencia,0,0
10,49.35,8,3,0,premium,tarjeta,1,0
10,14.26,7,9,0,basico,tarjeta,0,0
25,25.01,5,30,2,estandar,tarjeta,0,0
16,18.12,12,4,0,basico,tarjeta,0,0
18,6.82,0,20,1,basico,tarjeta,1,0
14,10.16,3,52,0,basico,tarjeta,0,1
22,42.27,10,15,0,premium,tarjeta,1,0
35,26.43,5,9,1,estandar,transferencia,0,0
38,16.73,13,5,1,basico,tarjeta,0,0
12,21.07,5,16,1,estandar,efectivo,0,1
16,25.22,6,11,1,basico,transferencia,0,0
34,9.35,11,38,1,basico,tarjeta,0,1
14,26.44,10,20,0,estandar,tarjeta,0,0
24,12.01,4,7,1,basico,tarjeta,0,0
6,12.18,9,46,1,basico,transferencia,0,1
7,21.83,2,8,0,estandar,transferencia,0,0
41,16.27,6,39,1,basico,transferencia,0,0
21,41.58,15,29,1,premium,efectivo,0,0
11,17.92,1,3,2,estandar,tarjeta,0,0
8,40.51,4,3,0,premium,transferencia,0,0
10,30.78,6,2,0,estandar,tarjeta,1,0
4,50.0,4,3,2,premium,transferencia,1,1
20,5.0,4,17,1,basico,tarjeta,0,0
18,28.25,1,5,1,estandar,transferencia,0,1
18,17.07,6,4,0,estandar,tarjeta,1,1
30,44.89,9,12,0,premium,tarjeta,1,0
13,7.17,15,21,0,basico,tarjeta,1,0
17,28.56,3,10,0,estandar,efectivo,0,0
3,27.22,6,2,0,estandar,tarjeta,1,0
21,15.92,3,43,1,basico,tarjeta,0,1
19,43.82,7,4,0,premium,tarjeta,1,0
5,11.23,14,9,0,basico,tarjeta,1,0
11,6.0,11,9,0,basico,efectivo,0,0
27,20.88,6,14,0,estandar,efectivo,0,0
17,15.79,8,8,2,basico,transferencia,0,0
8,13.47,7,1,0,basico,transferencia,0,0
19,12.42,10,8,0,basico,tarjeta,1,0
38,17.05,8,0,0,basico,tarjeta,0,0
4,19.8,12,0,1,estandar,tarjeta,0,0
20,47.88,22,4,0,premium,transferencia,0,0
16,20.28,6,27,0,estandar,tarjeta,0,0
5,17.91,11,17,0,basico,transferencia,0,0
17,27.18,5,18,1,estandar,tarjeta,0,0
9,48.86,8,47,0,premium,tarjeta,0,1
11,22.19,9,6,1,estandar,tarjeta,1,0
19,20.73,3,26,0,basico,transferencia,0,0
18,19.99,14,16,0,basico,transferencia,0,0
18,46.72,6,4,0,premium,tarjeta,0,0
51,49.7,16,5,0,premium,transferencia,1,0
12,10.79,4,49,0,basico,transferencia,0,1
5,39.93,9,12,0,premium,tarjeta,0,0
21,15.18,2,11,0,basico,transferencia,0,0
16,8.32,9,8,0,basico,tarjeta,0,0
9,30.24,7,49,1,estandar,tarjeta,0,1
8,29.19,0,17,1,estandar,tarjeta,0,0
31,12.94,12,52,3,basico,tarjeta,0,1
2,45.72,5,6,1,premium,tarjeta,0,0
16,48.96,16,17,0,premium,tarjeta,0,0
8,13.1,14,9,0,basico,tarjeta,0,0
17,23.38,9,1,0,estandar,transferencia,0,0
7,18.94,2,36,3,estandar,transferencia,0,1
18,28.84,4,9,1,estandar,tarjeta,0,0
26,46.47,9,26,0,premium,tarjeta,0,0
9,36.02,6,6,0,estandar,tarjeta,0,0
10,11.62,9,3,0,basico,transferencia,1,0
17,13.21,19,1,0,basico,efectivo,0,0
22,46.3,11,1,0,premium,tarjeta,0,0
45,47.6,13,16,0,premium,transferencia,0,0
10,8.13,13,9,0,basico,tarjeta,0,0
10,11.69,7,15,0,basico,efectivo,0,0
6,28.31,1,57,1,estandar,tarjeta,0,1
1,10.67,5,8,0,basico,tarjeta,0,0
26,15.16,9,11,1,basico,tarjeta,0,0
12,45.39,5,8,0,premium,tarjeta,0,0
6,46.61,7,56,2,premium,tarjeta,0,1
24,49.6,6,14,2,premium,tarjeta,0,0
25,24.09,5,17,2,estandar,tarjeta,0,0
20,6.19,1,36,0,basico,transferencia,0,0
10,43.93,2,8,2,premium,transferencia,0,0
16,8.7,1,38,1,basico,tarjeta,0,1
6,5.0,3,12,1,basico,efectivo,0,1
21,44.57,3,18,0,premium,tarjeta,0,0
9,25.8,10,50,1,estandar,efectivo,0,1
28,49.08,5,4,1,premium,tarjeta,0,0
19,7.44,2,13,1,basico,transferencia,1,1
5,45.35,5,56,1,premium,efectivo,0,1
26,29.51,3,30,1,estandar,transferencia,0,1
25,22.7,10,5,0,estandar,transferencia,1,0
23,47.14,7,2,0,premium,tarjeta,0,0
24,18.39,2,14,0,basico,transferencia,1,0
13,17.55,13,62,0,estandar,tarjeta,0,0
16,26.09,2,40,1,estandar,tarjeta,0,1
12,29.65,4,7,1,estandar,efectivo,0,1
3,43.6,8,9,0,premium,tarjeta,1,0
19,30.55,8,22,0,estandar,tarjeta,0,0
4,14.54,8,61,1,basico,efectivo,0,1
6,19.08,6,6,1,basico,tarjeta,1,0
8,47.33,9,46,0,premium,tarjeta,0,0
14,52.41,8,10,1,premium,tarjeta,0,0
40,46.2,7,3,2,premium,transferencia,0,0
8,6.53,1,15,0,basico,efectivo,0,1
42,9.48,4,20,2,basico,tarjeta,0,0
24,29.07,4,16,0,estandar,transferencia,0,0
17,28.99,3,8,0,estandar,tarjeta,0,0
8,10.76,3,9,0,basico,transferencia,1,0
14,32.22,7,5,0,estandar,transferencia,0,0
15,10.58,13,8,0,basico,efectivo,0,0
21,26.85,7,23,0,estandar,tarjeta,0,1
8,13.74,3,3,1,basico,tarjeta,0,0
25,6.68,15,3,1,basico,tarjeta,0,0
13,11.56,5,14,1,basico,tarjeta,1,0
19,54.52,8,38,1,premium,tarjeta,0,1
12,21.31,10,28,2,estandar,tarjeta,1,1
30,47.5,6,25,1,premium,tarjeta,0,0
6,20.38,11,22,1,estandar,efectivo,0,1
16,8.27,10,37,1,basico,tarjeta,1,0
5,6.34,12,60,1,basico,tarjeta,1,1
20,28.76,9,11,0,estandar,transferencia,0,1
6,8.51,1,14,1,basico,tarjeta,0,0
11,30.07,10,10,3,estandar,tarjeta,0,1
10,42.87,4,51,0,premium,tarjeta,0,0
48,45.51,10,16,1,premium,tarjeta,0,0
8,13.65,10,20,0,basico,tarjeta,0,1
25,18.53,10,37,1,estandar,transferencia,0,1
1,12.81,4,0,1,basico,tarjeta,0,0
14,13.4,12,78,0,basico,tarjeta,1,1
31,29.56,7,4,1,estandar,tarjeta,1,0
3,21.16,15,57,0,estandar,tarjeta,1,1
24,21.73,14,2,0,estandar,tarjeta,0,0
12,14.64,17,31,0,basico,efectivo,1,1
2,50.65,11,7,0,premium,tarjeta,0,0
27,42.63,12,2,0,premium,tarjeta,0,0
20,20.06,13,13,0,estandar,tarjeta,0,0
7,43.73,3,11,0,premium,transferencia,0,0
21,7.95,4,4,1,basico,transferencia,1,0
3,26.59,12,13,1,estandar,tarjeta,0,0
9,40.68,7,25,0,premium,transferencia,1,1
14,48.89,6,34,0,premium,tarjeta,1,1
13,45.85,13,6,0,premium,transferencia,0,0
18,29.02,10,20,1,estandar,tarjeta,0,0
48,35.31,12,27,0,premium,transferencia,0,0
6,17.97,0,6,0,estandar,transferencia,0,0
16,17.17,3,23,0,basico,transferencia,1,1
16,9.12,6,2,0,basico,tarjeta,1,1
28,19.13,9,14,0,estandar,transferencia,0,0
13,24.19,5,2,1,estandar,transferencia,0,0
3,25.97,2,22,0,estandar,tarjeta,1,1
15,44.37,5,33,0,premium,tarjeta,0,0
2,26.87,4,3,0,estandar,tarjeta,0,0
26,13.33,10,35,0,basico,tarjeta,0,1
14,13.12,5,3,0,basico,transferencia,0,1
18,30.39,9,71,1,estandar,tarjeta,0,1
6,24.94,8,13,2,estandar,transferencia,0,0
6,24.83,1,14,0,estandar,transferencia,0,0
20,28.21,3,7,0,estandar,transferencia,0,0
11,27.21,9,16,0,estandar,transferencia,0,0
8,21.39,3,24,0,estandar,transferencia,0,1
31,44.63,6,3,0,premium,tarjeta,0,0
15,13.75,13,21,2,basico,tarjeta,0,0
9,22.65,2,6,1,estandar,transferencia,0,0
16,22.84,12,15,0,estandar,efectivo,1,1
10,6.43,17,2,0,basico,tarjeta,0,0
19,13.47,5,1,1,estandar,efectivo,0,1
6,23.5,12,22,1,estandar,efectivo,0,1
27,25.51,3,19,1,estandar,tarjeta,0,0
10,20.62,2,8,1,estandar,transferencia,0,0
4,17.51,1,5,2,basico,transferencia,1,1
5,7.81,8,19,0,basico,tarjeta,0,0
12,15.65,6,37,0,basico,tarjeta,0,0
8,13.67,7,18,1,basico,tarjeta,0,0
4,33.71,4,41,1,estandar,transferencia,0,1
4,47.16,5,49,0,premium,tarjeta,0,1
14,19.21,6,34,0,estandar,transferencia,0,1
16,16.22,3,1,1,basico,transferencia,0,0
14,18.79,3,65,0,basico,transferencia,0,1
31,5.0,13,18,0,basico,tarjeta,0,0
18,27.56,11,11,1,estandar,tarjeta,0,0
9,15.44,7,9,0,basico,tarjeta,0,0
60,24.15,3,24,0,estandar,tarjeta,0,0
7,15.31,6,19,0,estandar,tarjeta,0,0
3,23.82,11,5,0,estandar,tarjeta,0,0
21,9.68,3,25,0,basico,tarjeta,0,0
40,18.12,10,1,0,basico,tarjeta,1,0
24,24.65,14,13,1,estandar,tarjeta,1,0
11,23.35,0,1,1,estandar,tarjeta,0,0
7,9.65,7,4,1,basico,efectivo,0,1
20,46.3,7,2,1,premium,tarjeta,1,0
12,25.23,5,5,0,estandar,efectivo,0,0
11,21.84,6,4,0,estandar,transferencia,0,0
32,13.06,6,9,0,basico,tarjeta,0,0
3,9.77,8,22,0,basico,efectivo,0,0
17,5.0,12,15,1,basico,efectivo,1,0
8,14.67,13,5,0,basico,transferencia,0,0
13,27.29,7,3,3,estandar,tarjeta,1,0
7,25.8,13,87,2,estandar,tarjeta,0,1
12,43.23,5,14,0,premium,tarjeta,0,0
53,44.71,10,7,0,premium,transferencia,1,0
22,15.28,3,38,0,basico,tarjeta,0,1
20,9.47,4,4,0,basico,tarjeta,0,0
14,28.44,11,4,0,estandar,tarjeta,0,0
13,39.1,6,10,0,premium,tarjeta,0,0
14,45.67,5,1,0,premium,tarjeta,0,0
19,12.1,4,19,0,basico,tarjeta,0,0
23,16.01,8,8,0,basico,efectivo,0,0
43,8.32,6,14,0,basico,tarjeta,0,0
11,41.76,8,20,3,premium,tarjeta,0,0
32,19.42,10,9,0,estandar,tarjeta,0,0
43,22.73,15,6,0,estandar,tarjeta,0,0
24,26.02,10,18,2,estandar,transferencia,0,0
13,5.0,6,6,0,basico,tarjeta,0,0
24,23.23,9,25,0,estandar,efectivo,0,1
4,14.44,9,28,0,basico,efectivo,0,0
39,24.59,12,36,0,estandar,transferencia,0,0
25,25.3,7,15,0,estandar,transferencia,0,0
12,18.98,5,26,1,estandar,tarjeta,0,0
12,11.6,17,4,0,basico,tarjeta,0,0
4,45.11,0,58,0,premium,tarjeta,0,0
28,24.35,12,6,0,estandar,transferencia,0,0
12,12.61,7,10,1,basico,tarjeta,1,0
41,10.76,5,4,0,basico,tarjeta,0,0
4,23.18,2,4,1,estandar,tarjeta,0,0
7,7.84,6,2,2,basico,transferencia,1,0
6,15.9,6,2,0,basico,transferencia,0,0
1,7.09,7,6,1,basico,tarjeta,1,1
21,12.63,12,90,0,basico,tarjeta,0,1
5,32.25,0,24,3,estandar,tarjeta,0,0
7,29.41,10,56,0,estandar,transferencia,0,1
5,14.04,3,20,0,basico,tarjeta,0,0
10,26.0,12,4,0,estandar,tarjeta,1,0
36,11.49,7,43,1,basico,transferencia,1,1
19,8.39,3,22,0,basico,tarjeta,0,1
15,10.98,4,69,2,basico,transferencia,0,1
13,27.3,6,30,2,estandar,tarjeta,1,1
9,46.56,4,20,1,premium,efectivo,0,1
9,28.15,11,66,0,estandar,tarjeta,0,1
15,16.88,3,21,2,basico,tarjeta,0,1
33,11.37,7,9,0,basico,efectivo,0,0
8,12.77,3,16,0,basico,tarjeta,0,0
26,37.4,10,32,1,premium,transferencia,0,0
6,21.02,7,15,1,basico,tarjeta,1,0
21,43.34,4,38,1,premium,tarjeta,0,1
32,27.61,6,55,0,estandar,tarjeta,0,0
13,23.34,16,4,0,estandar,tarjeta,1,0
9,43.25,1,1,2,premium,transferencia,1,0
21,11.05,3,2,0,basico,tarjeta,0,0
38,20.02,7,8,0,estandar,tarjeta,0,0
25,5.0,9,62,0,basico,tarjeta,0,1
42,49.64,8,36,1,premium,tarjeta,1,1
14,27.18,9,32,0,estandar,tarjeta,1,0
13,8.34,2,6,2,basico,efectivo,0,1
4,46.81,3,25,0,premium,tarjeta,1,1
9,15.3,8,1,0,basico,tarjeta,1,0
12,9.23,7,5,0,basico,tarjeta,0,0
13,26.65,4,18,0,estandar,tarjeta,1,1
20,29.03,8,4,1,estandar,tarjeta,0,0
9,39.25,5,21,1,premium,transferencia,0,1
10,27.13,9,29,0,estandar,transferencia,0,0
46,26.46,5,31,1,estandar,transferencia,0,1
1,19.52,2,24,1,basico,tarjeta,0,1
2,14.23,7,1,0,basico,transferencia,0,0
6,43.36,14,2,1,premium,efectivo,0,0
2,10.82,4,3,1,basico,efectivo,0,0
2,33.09,6,19,1,estandar,efectivo,0,1
10,10.58,7,60,0,basico,tarjeta,0,1
17,14.34,3,16,1,basico,efectivo,0,1
10,24.05,6,43,0,estandar,transferencia,0,1
17,29.33,2,0,0,estandar,transferencia,0,0
23,29.52,4,15,0,estandar,transferencia,0,0
15,44.91,6,21,0,premium,efectivo,1,1
17,10.37,5,12,0,basico,tarjeta,0,0
11,23.28,8,49,1,estandar,transferencia,0,1
9,5.09,2,13,1,basico,transferencia,0,1
1,25.4,16,1,2,estandar,transferencia,0,0
23,12.32,17,4,0,basico,transferencia,1,0
15,21.74,6,9,2,estandar,tarjeta,1,1
17,5.0,2,21,0,basico,tarjeta,1,1
4,45.83,6,24,0,premium,tarjeta,0,0
7,46.33,9,14,0,premium,transferencia,0,0
10,46.58,10,27,1,premium,transferencia,0,0
5,8.04,1,89,3,basico,transferencia,0,1
15,46.59,4,11,5,premium,transferencia,1,0
15,11.29,9,4,0,basico,tarjeta,0,0
14,15.46,8,1,1,basico,tarjeta,0,0
23,8.1,10,62,0,basico,transferencia,0,1
16,16.6,4,90,0,basico,efectivo,0,1
31,31.04,9,19,0,estandar,transferencia,0,0
16,12.46,3,3,1,basico,efectivo,1,1
8,13.61,15,15,1,basico,efectivo,0,1
13,28.14,5,4,0,estandar,tarjeta,0,0
1,40.9,7,10,2,premium,transferencia,1,1
17,23.05,8,5,2,estandar,tarjeta,0,0
7,25.74,3,8,2,estandar,tarjeta,0,0
14,20.11,10,0,0,basico,tarjeta,0,0
8,40.22,6,25,0,premium,tarjeta,1,0
5,18.55,9,2,0,basico,tarjeta,0,0
37,11.23,7,52,1,basico,transferencia,1,1
8,11.86,8,14,1,basico,tarjeta,0,0
7,29.87,4,90,1,estandar,tarjeta,1,1
21,20.09,5,70,1,basico,tarjeta,0,1
10,26.69,7,5,1,estandar,tarjeta,0,0
7,16.66,8,36,1,basico,efectivo,0,1
21,21.32,5,4,1,estandar,tarjeta,0,0
13,22.88,8,40,0,estandar,tarjeta,0,0
23,6.59,10,46,1,basico,efectivo,0,1
31,9.94,6,16,2,basico,transferencia,1,0
10,27.26,5,12,0,estandar,transferencia,0,1
20,25.85,9,7,0,estandar,transferencia,0,0
32,18.91,15,7,0,basico,tarjeta,0,0
38,33.22,2,1,2,estandar,transferencia,0,0
8,11.45,1,75,1,basico,tarjeta,1,1
26,9.28,5,4,2,basico,tarjeta,0,0
2,16.64,3,23,0,basico,tarjeta,1,1
16,30.06,13,6,0,estandar,transferencia,1,0
4,13.76,16,27,0,basico,tarjeta,0,0
10,27.82,6,3,0,estandar,tarjeta,0,0
49,14.2,5,2,0,basico,tarjeta,1,0
24,21.04,3,19,0,estandar,transferencia,0,1
4,7.13,13,4,0,basico,tarjeta,0,0
6,24.8,5,10,2,estandar,tarjeta,0,1
27,24.2,10,17,1,estandar,tarjeta,1,0
27,13.11,8,11,1,basico,transferencia,0,1
28,11.48,7,3,0,basico,tarjeta,0,0
16,18.19,9,3,1,estandar,efectivo,0,0
24,36.55,6,5,0,premium,tarjeta,1,0
10,47.95,0,5,0,premium,tarjeta,0,0
10,9.35,9,3,3,basico,tarjeta,1,0
15,24.07,10,8,1,estandar,tarjeta,0,0
7,9.77,13,5,1,basico,tarjeta,0,0
6,8.35,15,8,0,basico,tarjeta,0,0
19,21.24,5,20,0,estandar,efectivo,0,1
21,29.08,14,22,2,estandar,tarjeta,1,1
6,24.04,7,11,0,estandar,tarjeta,0,0
9,47.54,6,3,1,premium,tarjeta,0,0
18,15.08,9,9,2,basico,tarjeta,1,0
17,26.27,8,7,0,estandar,tarjeta,0,0
16,15.21,7,1,2,basico,tarjeta,0,0
7,12.06,10,30,0,basico,tarjeta,1,0
53,17.46,3,4,0,basico,tarjeta,0,0
9,48.29,9,30,1,premium,efectivo,0,1
18,28.83,15,4,1,estandar,transferencia,0,0
5,8.25,14,7,1,basico,efectivo,0,0
13,26.05,2,48,0,estandar,tarjeta,1,1
6,37.66,4,42,1,premium,efectivo,0,1
9,50.6,4,6,0,premium,tarjeta,0,0
16,22.51,15,2,2,estandar,tarjeta,0,0
30,10.06,8,10,2,basico,transferencia,1,0
8,19.53,11,15,0,estandar,tarjeta,0,0
15,44.85,5,33,2,premium,tarjeta,0,1
18,43.93,10,36,1,premium,transferencia,1,1
21,52.29,20,4,0,premium,transferencia,0,0
